"SAMPLEID","LAT","LONG","STATIONID","COLLDATE","COLLMETH","INDEX_REGION","INDEX_NAME","ni_total","pi_OET","pt_ffg_pred","pt_NonIns","pt_POET","pt_tv_toler","pt_volt_semi","SC_pi_OET","SC_pt_ffg_pred","SC_pt_NonIns","SC_pt_POET","SC_pt_tv_toler","SC_pt_volt_semi","sum_Index","Index","Index_Nar"
"19-126-01",42.008243,-71.705661,"CP-BEST-P1","8/23/2019","Multihab","LOWGRADIENTIBI","SNEP_2020_Bugs",313,28.4345047923323,26.027397260274,8.21917808219178,34.2465753424658,4.10958904109589,10.958904109589,58.0296016170046,81.3356164383562,89.9543378995434,85.6164383561644,96.6376089663761,91.324200913242,502.897804190687,83.8163006984478,"No Narrative"
"19-126-02",42.021719,-71.684199,"CP-BEST-P11","8/23/2019","Multihab","LOWGRADIENTIBI","SNEP_2020_Bugs",323,10.5263157894737,21.0526315789474,13.1578947368421,36.8421052631579,5.26315789473684,10.5263157894737,21.4822771213749,65.7894736842105,78.1954887218045,92.1052631578947,93.1419457735247,87.719298245614,438.433746704423,73.0722911174039,"No Narrative"
"19-126-03",41.998161,-71.695075,"CP-BEST-P2","8/23/2019","Multihab","LOWGRADIENTIBI","SNEP_2020_Bugs",316,31.9620253164557,21.2121212121212,4.54545454545455,34.8484848484849,9.09090909090909,7.57575757575758,65.2286230948075,66.2878787878788,98.7012987012987,87.1212121212121,81.5426997245179,63.1313131313131,462.013025561028,77.002170926838,"No Narrative"
"19-126-04",41.574557,-71.720511,"CP-BEST-P15","8/24/2019","Multihab","LOWGRADIENTIBI","SNEP_2020_Bugs",325,26.1538461538462,21.5189873417722,20.253164556962,30.379746835443,7.59493670886076,7.59493670886076,53.3751962323391,67.246835443038,61.3019891500904,75.9493670886076,86.0759493670886,63.2911392405063,407.24047652167,67.8734127536117,"No Narrative"
"19-126-05",41.579676,-71.718629,"CP-BEST-P4","8/24/2019","Multihab","LOWGRADIENTIBI","SNEP_2020_Bugs",326,43.558282208589,23.0769230769231,11.5384615384615,42.3076923076923,3.84615384615385,10.2564102564103,88.8944534869162,72.1153846153846,82.051282051282,100,97.4358974358974,85.4700854700855,525.967103059566,87.661183843261,"No Narrative"
"19-126-07",41.56443,-71.727231,"CP-BEST-P5","8/24/2019","Multihab","LOWGRADIENTIBI","SNEP_2020_Bugs",312,50,18.0327868852459,18.0327868852459,26.2295081967213,9.83606557377049,8.19672131147541,100,56.3524590163934,66.5886026541764,65.5737704918033,79.2846497764531,68.3060109289617,436.105492867788,72.684248811298,"No Narrative"
"19-126-08",41.872634,-71.408808,"LO-WORST-P1","8/24/2019","Multihab","LOWGRADIENTIBI","SNEP_2020_Bugs",300,27.6666666666667,32.6530612244898,30.6122448979592,22.4489795918367,10.2040816326531,4.08163265306122,56.4625850340136,100,36.6375121477162,56.1224489795918,78.169449598021,34.0136054421769,361.40560120152,60.2342668669199,"No Narrative"
"19-126-09",41.769629,-71.452045,"LO-WORST-P3","8/24/2019","Multihab","LOWGRADIENTIBI","SNEP_2020_Bugs",302,37.4172185430464,19.6428571428571,25,21.4285714285714,23.2142857142857,1.78571428571429,76.361670496013,61.3839285714286,50,53.5714285714286,38.7445887445887,14.8809523809524,294.942568764411,49.1570947940685,"No Narrative"
"19-126-10",41.797131,-71.479722,"LO-WORST-P8","8/24/2019","Multihab","LOWGRADIENTIBI","SNEP_2020_Bugs",321,38.6292834890966,17.2413793103448,36.2068965517241,25.8620689655172,13.7931034482759,1.72413793103448,78.8352724267277,53.8793103448276,23.3169129720854,64.6551724137931,67.2936259143156,14.367816091954,302.348110163703,50.3913516939506,"No Narrative"
"19-126-11",41.580375,-71.7214,"CP-BEST-P12","8/25/2019","Multihab","LOWGRADIENTIBI","SNEP_2020_Bugs",338,49.7041420118343,23.0769230769231,18.4615384615385,36.9230769230769,9.23076923076923,3.07692307692308,100,72.1153846153846,65.5677655677656,92.3076923076923,81.1188811188811,25.6410256410256,436.750749250749,72.7917915417915,"No Narrative"
"19-126-12",41.594501,-71.720385,"CP-BEST-P13","8/25/2019","Multihab","LOWGRADIENTIBI","SNEP_2020_Bugs",327,41.8960244648318,23.6842105263158,10.5263157894737,40.7894736842105,2.63157894736842,6.57894736842105,85.5020907445547,74.0131578947368,84.4611528822055,100,100,54.8245614035088,498.800962925006,83.1334938208343,"No Narrative"
"19-126-13",41.623888,-71.757908,"CP-BEST-P14","8/25/2019","Multihab","LOWGRADIENTIBI","SNEP_2020_Bugs",348,31.8965517241379,26.865671641791,8.95522388059701,41.7910447761194,2.98507462686567,10.4477611940299,65.0950035186488,83.955223880597,88.2018479033404,100,100,87.0646766169154,524.316751919502,87.386125319917,"No Narrative"
"19-126-14",41.374694,-71.716451,"LO-BEST-P4","8/25/2019","Multihab","LOWGRADIENTIBI","SNEP_2020_Bugs",319,25.3918495297806,25.4901960784314,7.84313725490196,39.2156862745098,5.88235294117647,5.88235294117647,51.8201010811848,79.656862745098,90.8496732026144,98.0392156862745,91.2655971479501,49.0196078431373,460.651057706259,76.7751762843765,"No Narrative"
"19-126-15",41.485968,-71.56613,"LO-WORST-P4","8/25/2019","Multihab","LOWGRADIENTIBI","SNEP_2020_Bugs",330,34.5454545454545,23.2142857142857,16.0714285714286,30.3571428571429,10.7142857142857,5.35714285714286,70.5009276437848,72.5446428571429,71.2585034013605,75.8928571428571,76.6233766233766,44.6428571428571,411.463164811379,68.5771941352298,"No Narrative"
"19-126-16",41.517008,-71.526215,"LO-WORST-R2","8/25/2019","Multihab","LOWGRADIENTIBI","SNEP_2020_Bugs",319,38.2445141065831,19.3548387096774,19.3548387096774,30.6451612903226,12.9032258064516,1.61290322580645,78.050028788945,60.4838709677419,63.4408602150538,76.6129032258064,69.9902248289345,13.4408602150538,362.018748241535,60.3364580402559,"No Narrative"
"19-126-17",41.611783,-71.623135,"CP-BEST-P6","8/26/2019","Multihab","LOWGRADIENTIBI","SNEP_2020_Bugs",312,18.5897435897436,29.6296296296296,14.8148148148148,38.8888888888889,7.40740740740741,3.7037037037037,37.9382522239665,92.5925925925926,74.2504409171076,97.2222222222222,86.6442199775533,30.8641975308642,419.511925464306,69.9186542440511,"No Narrative"
"19-126-18",41.539436,-71.641848,"CP-BEST-P7","8/26/2019","Multihab","LOWGRADIENTIBI","SNEP_2020_Bugs",310,44.5161290322581,24.5901639344262,6.55737704918033,36.0655737704918,1.63934426229508,4.91803278688525,90.8492429229756,76.844262295082,93.9110070257611,90.1639344262295,100,40.9836065573771,492.752053227425,82.1253422045709,"No Narrative"
"19-126-19",41.512167,-71.641694,"CP-BEST-R2","8/26/2019","Multihab","LOWGRADIENTIBI","SNEP_2020_Bugs",318,41.8238993710692,20.8955223880597,5.97014925373134,41.7910447761194,2.98507462686567,11.9402985074627,85.3548966756514,65.2985074626866,95.3091684434968,100,100,99.5024875621891,545.465060144024,90.9108433573373,"No Narrative"
"19-126-21",42.198319,-71.827439,"CP-WORST-R1","8/26/2019","Multihab","LOWGRADIENTIBI","SNEP_2020_Bugs",324,4.32098765432099,26,32,20,20,2,8.81834215167548,81.25,33.3333333333333,50,48.4848484848485,16.6666666666667,238.553190636524,39.7588651060873,"No Narrative"
"19-126-22",42.085354,-71.629683,"CP-WORST-R2","8/26/2019","Multihab","LOWGRADIENTIBI","SNEP_2020_Bugs",308,61.3636363636364,17.741935483871,9.67741935483871,46.7741935483871,8.06451612903226,1.61290322580645,100,55.4435483870968,86.4823348694316,100,84.652981427175,13.4408602150538,440.019724898757,73.3366208164595,"No Narrative"
"19-126-24",41.847516,-71.612989,"CP-BEST-P10","8/27/2019","Multihab","LOWGRADIENTIBI","SNEP_2020_Bugs",309,42.0711974110032,22.6415094339623,28.3018867924528,26.4150943396226,13.2075471698113,3.77358490566038,85.8595865530678,70.7547169811321,42.1383647798742,66.0377358490566,69.0680388793596,31.4465408805031,365.304983922994,60.8841639871656,"No Narrative"
"19-126-25",41.626145,-71.631238,"CP-BEST-R1","8/27/2019","Multihab","LOWGRADIENTIBI","SNEP_2020_Bugs",317,36.2776025236593,23.0769230769231,12.8205128205128,37.1794871794872,5.12820512820513,10.2564102564103,74.035923517672,72.1153846153846,78.998778998779,92.948717948718,93.5508935508935,85.4700854700855,497.119784101533,82.8532973502554,"No Narrative"
"19-126-26",42.09307,-71.53349,"CP-WORST-P6","8/27/2019","Multihab","LOWGRADIENTIBI","SNEP_2020_Bugs",320,25,20.8955223880597,20.8955223880597,22.3880597014925,11.9402985074627,2.98507462686567,51.0204081632653,65.2985074626866,59.772565742715,55.9701492537313,72.9081863410222,24.8756218905473,329.845438853968,54.9742398089946,"No Narrative"
"19-126-27",41.995556,-71.159336,"LO-BEST-P13","8/27/2019","Multihab","LOWGRADIENTIBI","SNEP_2020_Bugs",337,11.5727002967359,28.5714285714286,22.8571428571429,28.5714285714286,11.4285714285714,0,23.6177557076243,89.2857142857143,55.1020408163265,71.4285714285714,74.4588744588745,0,313.892956697111,52.3154927828518,"No Narrative"
"19-126-28",41.966095,-71.175303,"LO-BEST-P14","8/27/2019","Multihab","LOWGRADIENTIBI","SNEP_2020_Bugs",334,7.78443113772455,25,18.1818181818182,34.0909090909091,18.1818181818182,2.27272727272727,15.8865941586215,78.125,66.2337662337662,85.2272727272727,53.9944903581267,18.9393939393939,318.406517417181,53.0677529028635,"No Narrative"
"19-126-29",42.018509,-71.125946,"LO-BEST-P15","8/27/2019","Multihab","LOWGRADIENTIBI","SNEP_2020_Bugs",325,27.3846153846154,23.0769230769231,13.8461538461538,32.3076923076923,12.3076923076923,6.15384615384615,55.8869701726845,72.1153846153846,76.5567765567766,80.7692307692308,71.7948717948718,51.2820512820513,408.405285191,68.0675475318333,"No Narrative"
"19-126-30",42.093805,-71.011509,"CP-WORST-P1","8/28/2019","Multihab","LOWGRADIENTIBI","SNEP_2020_Bugs",323,6.5015479876161,28.5714285714286,26.1904761904762,19.047619047619,23.8095238095238,0,13.2684652808492,89.2857142857143,47.1655328798186,47.6190476190476,36.9408369408369,0,234.279597006267,39.0465995010444,"No Narrative"
"19-126-31",41.716955,-71.088929,"LO-BEST-P2","8/28/2019","Multihab","LOWGRADIENTIBI","SNEP_2020_Bugs",303,36.6336633663366,20.5128205128205,7.69230769230769,33.3333333333333,5.12820512820513,2.56410256410256,74.7625782986462,64.1025641025641,91.2087912087912,83.3333333333333,93.5508935508935,21.3675213675214,428.32568186175,71.387613643625,"No Narrative"
"19-126-32",41.960041,-71.235573,"LO-BEST-P6","8/28/2019","Multihab","LOWGRADIENTIBI","SNEP_2020_Bugs",302,9.93377483443709,27.2727272727273,11.3636363636364,18.1818181818182,13.6363636363636,2.27272727272727,20.2730098661981,85.2272727272727,82.4675324675325,45.4545454545455,67.7685950413223,18.9393939393939,320.130349496265,53.3550582493775,"No Narrative"
"19-126-33",41.682489,-71.017475,"LO-BEST-P9","8/28/2019","Multihab","LOWGRADIENTIBI","SNEP_2020_Bugs",305,21.9672131147541,26.530612244898,12.2448979591837,24.4897959183673,8.16326530612245,4.08163265306122,44.8310471729675,82.9081632653061,80.3692905733722,61.2244897959184,84.3537414965986,34.0136054421769,387.70033774634,64.6167229577233,"No Narrative"
"19-126-34",41.669657,-71.026565,"LO-BEST-R2","8/28/2019","Multihab","LOWGRADIENTIBI","SNEP_2020_Bugs",339,19.4690265486726,16.6666666666667,4.76190476190476,38.0952380952381,2.38095238095238,4.76190476190476,39.7327072421889,52.0833333333333,98.1859410430839,95.2380952380952,100,39.6825396825397,424.922616539241,70.8204360898735,"No Narrative"
"19-126-35",41.965284,-70.898969,"LO-WORST-P6","8/28/2019","Multihab","LOWGRADIENTIBI","SNEP_2020_Bugs",325,0.923076923076923,20.8333333333333,33.3333333333333,8.33333333333333,20.8333333333333,0,1.88383045525903,65.1041666666667,30.1587301587302,20.8333333333333,45.959595959596,0,163.939656573585,27.3232760955975,"No Narrative"
"19-126-37",41.587701,-70.525492,"CAPE-P4","8/29/2019","Multihab","LOWGRADIENTIBI","SNEP_2020_Bugs",343,20.6997084548105,18.8679245283019,18.8679245283019,28.3018867924528,13.2075471698113,1.88679245283019,42.244302969001,58.9622641509434,64.6001796945193,70.7547169811321,69.0680388793596,15.7232704402516,321.352773115207,53.5587955192012,"No Narrative"
"19-126-38",41.767765,-70.635687,"CAPE-P6","8/29/2019","Multihab","LOWGRADIENTIBI","SNEP_2020_Bugs",317,5.36277602523659,17.1428571428571,28.5714285714286,20,14.2857142857143,2.85714285714286,10.9444408678298,53.5714285714286,41.4965986394558,50,65.8008658008658,23.8095238095238,245.622857689104,40.937142948184,"No Narrative"
"19-126-39",41.774553,-71.085425,"LO-BEST-P1","8/29/2019","Multihab","LOWGRADIENTIBI","SNEP_2020_Bugs",309,41.4239482200647,28.2608695652174,6.52173913043478,41.304347826087,4.34782608695652,6.52173913043478,84.5386698368668,88.3152173913043,93.9958592132505,100,95.9156785243742,54.3478260869565,517.113251052752,86.1855418421254,"No Narrative"
"19-126-40",41.772798,-70.985684,"LO-BEST-P10","8/29/2019","Multihab","LOWGRADIENTIBI","SNEP_2020_Bugs",309,24.5954692556634,37.5,14.5833333333333,25,6.25,4.16666666666667,50.1948352156397,100,74.8015873015873,62.5,90.1515151515152,34.7222222222222,412.370159890964,68.7283599818274,"No Narrative"
"19-126-41",41.842433,-70.864275,"LO-BEST-P12","8/29/2019","Multihab","LOWGRADIENTIBI","SNEP_2020_Bugs",324,15.4320987654321,17.5,27.5,25,15,7.5,31.4940791131267,54.6875,44.047619047619,62.5,63.6363636363636,62.5,318.865561797109,53.1442602995182,"No Narrative"
"19-126-43",41.629541,-70.483533,"CAPE-P1","8/30/2019","Multihab","LOWGRADIENTIBI","SNEP_2020_Bugs",331,24.4712990936556,20.4545454545455,13.6363636363636,43.1818181818182,6.81818181818182,6.81818181818182,49.9414267217461,63.9204545454545,77.056277056277,100,88.4297520661157,56.8181818181818,436.166092207775,72.6943487012959,"No Narrative"
"19-126-44",41.592323,-70.507393,"CAPE-P3","8/30/2019","Multihab","LOWGRADIENTIBI","SNEP_2020_Bugs",316,18.9873417721519,26.530612244898,30.6122448979592,28.5714285714286,18.3673469387755,2.04081632653061,38.7496770860243,82.9081632653061,36.6375121477162,71.4285714285714,53.4322820037106,17.0068027210884,300.163008652417,50.0271681087362,"No Narrative"
"19-126-45",41.62863,-70.451455,"CAPE-P5","8/30/2019","Multihab","LOWGRADIENTIBI","SNEP_2020_Bugs",329,24.3161094224924,23.2558139534884,27.906976744186,32.5581395348837,13.953488372093,2.32558139534884,49.6247131071274,72.6744186046512,43.078626799557,81.3953488372093,66.8076109936575,19.3798449612403,332.960563303443,55.4934272172404,"No Narrative"
"19-126-46",41.872506,-71.315224,"LO-Best-R11","8/30/2019","Multihab","LOWGRADIENTIBI","SNEP_2020_Bugs",319,59.5611285266458,22.4489795918367,26.530612244898,20.4081632653061,8.16326530612245,0,100,70.1530612244898,46.3556851311953,51.0204081632653,84.3537414965986,0,351.882896015549,58.6471493359248,"No Narrative"
"19-126-47",41.839475,-71.410536,"LO-Worst-R1","8/30/2019","Multihab","LOWGRADIENTIBI","SNEP_2020_Bugs",344,22.093023255814,13.3333333333333,44.4444444444444,17.7777777777778,15.5555555555556,0,45.0878025628856,41.6666666666667,3.70370370370371,44.4444444444444,61.952861952862,0,196.855479330562,32.8092465550937,"No Narrative"
"19-126-48",42.241556,-71.803181,"CP-WORST-P2","8/31/2019","Multihab","LOWGRADIENTIBI","SNEP_2020_Bugs",314,18.7898089171975,6.25,27.0833333333333,20.8333333333333,25,0,38.346548810607,19.53125,45.0396825396825,52.0833333333333,33.3333333333333,0,188.334148016956,31.3890246694927,"No Narrative"
"19-126-49",42.215523,-71.838955,"CP-WORST-R3","8/31/2019","Multihab","LOWGRADIENTIBI","SNEP_2020_Bugs",357,22.1288515406162,14.2857142857143,22.8571428571429,31.4285714285714,17.1428571428571,11.4285714285714,45.1609215114617,44.6428571428571,55.1020408163265,78.5714285714286,57.1428571428571,95.2380952380952,375.858200423026,62.6430334038377,"No Narrative"
"19-126-50",42.100901,-70.977109,"NEW-BROC3","8/31/2019","Multihab","LOWGRADIENTIBI","SNEP_2020_Bugs",331,13.595166163142,18.1818181818182,45.4545454545455,6.06060606060606,18.1818181818182,0,27.7452370676367,56.8181818181818,1.2987012987013,15.1515151515152,53.9944903581267,0,155.008125694162,25.8346876156936,"No Narrative"
"19-126-51",42.02263,-70.915833,"NEW-BROC5","8/31/2019","Multihab","LOWGRADIENTIBI","SNEP_2020_Bugs",299,18.7290969899666,18.1818181818182,20,20,14.5454545454545,1.81818181818182,38.2226469182991,56.8181818181818,61.9047619047619,50,65.0137741046832,15.1515151515152,287.110879897441,47.8518133162402,"No Narrative"
"19-126-52",42.062829,-70.909008,"NEW-BROC6","8/31/2019","Multihab","LOWGRADIENTIBI","SNEP_2020_Bugs",306,32.6797385620915,29.2682926829268,21.9512195121951,24.390243902439,14.6341463414634,2.4390243902439,66.6933440042684,91.4634146341463,57.2590011614402,60.9756097560976,64.7450110864745,20.3252032520325,361.461583894459,60.2435973157432,"No Narrative"
"19-126-53",42.171516,-71.799972,"NEW-WORC2","8/31/2019","Multihab","LOWGRADIENTIBI","SNEP_2020_Bugs",313,37.3801916932907,15.2173913043478,21.7391304347826,34.7826086956522,8.69565217391304,10.8695652173913,76.2861054965117,47.554347826087,57.7639751552795,86.9565217391304,82.7404479578393,90.5797101449275,441.881108319775,73.6468513866292,"No Narrative"
"19-126-54",42.192194,-71.843437,"NEW-WORC4","8/31/2019","Multihab","LOWGRADIENTIBI","SNEP_2020_Bugs",340,5.29411764705882,21.9512195121951,29.2682926829268,12.1951219512195,26.8292682926829,2.4390243902439,10.8043217286915,68.5975609756098,39.8373983739837,30.4878048780488,27.790096082779,20.3252032520325,197.842385291145,32.9737308818575,"No Narrative"
"19-126-55",42.023354,-71.273407,"LO-BEST-R7","9/1/2019","Multihab","LOWGRADIENTIBI","SNEP_2020_Bugs",319,34.4827586206897,25.3333333333333,22.6666666666667,26.6666666666667,12,0,70.3729767769177,79.1666666666667,55.5555555555556,66.6666666666667,72.7272727272727,0,344.489138393079,57.4148563988466,"No Narrative"
"19-126-56",42.083322,-71.032694,"NEW-BROC1","9/1/2019","Multihab","LOWGRADIENTIBI","SNEP_2020_Bugs",352,13.0681818181818,30.7692307692308,36.5384615384615,17.3076923076923,28.8461538461538,1.92307692307692,26.669758812616,96.1538461538462,22.5274725274725,43.2692307692308,21.6783216783217,16.025641025641,226.324270967128,37.7207118278547,"No Narrative"
"19-126-57",42.069592,-71.010552,"NEW-BROC2","9/1/2019","Multihab","LOWGRADIENTIBI","SNEP_2020_Bugs",322,16.1490683229814,24.390243902439,29.2682926829268,21.9512195121951,14.6341463414634,2.4390243902439,32.9572822917987,76.219512195122,39.8373983739837,54.8780487804878,64.7450110864745,20.3252032520325,288.962455979899,48.1604093299832,"No Narrative"
"19-126-58",42.181874,-71.627189,"CP-BEST-R4","9/2/2019","Multihab","LOWGRADIENTIBI","SNEP_2020_Bugs",313,40.2555910543131,26.4150943396226,20.7547169811321,28.3018867924528,5.66037735849057,3.77358490566038,82.1542674577818,82.5471698113208,60.1078167115903,70.7547169811321,91.9382504288165,31.4465408805031,418.948762271145,69.8247937118574,"No Narrative"
"19-126-59",41.833416,-71.276921,"LO-BEST-R9","9/2/2019","Multihab","LOWGRADIENTIBI","SNEP_2020_Bugs",334,28.7425149700599,23.728813559322,16.9491525423729,28.8135593220339,10.1694915254237,3.38983050847458,58.6581938164487,74.1525423728814,69.1686844229217,72.0338983050847,78.2742681047766,28.2485875706215,380.536174592735,63.4226957654558,"No Narrative"
"2013001",41.702893,-70.104775,"B0851","7/1/2013","Multihab","LOWGRADIENTIBI","SNEP_2020_Bugs",312,36.8589743589744,15.625,18.75,40.625,18.75,3.125,75.2223966509681,48.828125,64.8809523809524,100,52.2727272727273,26.0416666666667,367.245867971314,61.2076446618857,"No Narrative"
"2013002",41.643578,-70.453369,"B0850","7/1/2013","Multihab","LOWGRADIENTIBI","SNEP_2020_Bugs",280,23.2142857142857,15.1515151515152,48.4848484848485,9.09090909090909,27.2727272727273,0,47.3760932944606,47.3484848484849,0,22.7272727272727,26.4462809917355,0,143.898131861954,23.9830219769923,"No Narrative"
"2013003",41.727899,-70.798142,"B0832","7/2/2013","Multihab","LOWGRADIENTIBI","SNEP_2020_Bugs",323,4.64396284829721,15.9090909090909,38.6363636363636,13.6363636363636,15.9090909090909,0,9.47747520060656,49.7159090909091,17.5324675324675,34.0909090909091,60.8815426997245,0,171.698303614617,28.6163839357695,"No Narrative"
"2013004",41.727408,-70.856356,"B0855","7/2/2013","Multihab","LOWGRADIENTIBI","SNEP_2020_Bugs",317,13.8801261829653,17.6470588235294,23.5294117647059,26.4705882352941,11.7647058823529,0,28.3267881285006,55.1470588235294,53.5014005602241,66.1764705882353,73.4402852049911,0,276.59200330548,46.0986672175801,"No Narrative"
"2013005",41.679671,-70.840825,"B0847","7/3/2013","Multihab","LOWGRADIENTIBI","SNEP_2020_Bugs",289,14.5328719723183,29.1666666666667,16.6666666666667,27.0833333333333,10.4166666666667,4.16666666666667,29.6589223924864,91.1458333333333,69.8412698412698,67.7083333333333,77.5252525252525,34.7222222222222,370.601833647898,61.7669722746496,"No Narrative"
"2013006",41.633384,-70.986022,"B0862","7/3/2013","Multihab","LOWGRADIENTIBI","SNEP_2020_Bugs",296,25,5.26315789473684,31.5789473684211,10.5263157894737,21.0526315789474,0,51.0204081632653,16.4473684210526,34.3358395989975,26.3157894736842,45.2950558213716,0,173.414461478371,28.9024102463952,"No Narrative"
"2013008",41.63266,-71.060383,"B0827","7/8/2013","Multihab","LOWGRADIENTIBI","SNEP_2020_Bugs",276,9.78260869565217,16.6666666666667,11.1111111111111,22.2222222222222,5.55555555555556,7.40740740740741,19.9645075421473,52.0833333333333,83.0687830687831,55.5555555555556,92.2558922558922,61.7283950617284,364.65646681744,60.7760778029066,"No Narrative"
"2013009",41.562812,-71.133855,"B0869","7/8/2013","Multihab","LOWGRADIENTIBI","SNEP_2020_Bugs",275,18.1818181818182,19.2307692307692,19.2307692307692,30.7692307692308,13.4615384615385,3.84615384615385,37.1057513914657,60.0961538461538,63.7362637362637,76.9230769230769,68.2983682983683,32.0512820512821,338.210896246611,56.3684827077684,"No Narrative"
"2013010",41.755702,-70.983125,"B0840","7/9/2013","Multihab","LOWGRADIENTIBI","SNEP_2020_Bugs",317,29.6529968454259,33.3333333333333,36.3636363636364,21.2121212121212,21.2121212121212,3.03030303030303,60.5163200927059,100,22.9437229437229,53.030303030303,44.811753902663,25.2525252525253,306.55462522192,51.0924375369867,"No Narrative"
"2013012",41.744702,-71.248262,"B0834","7/9/2013","Multihab","LOWGRADIENTIBI","SNEP_2020_Bugs",305,22.9508196721311,10.5263157894737,23.6842105263158,18.4210526315789,21.0526315789474,2.63157894736842,46.8384074941452,32.8947368421053,53.1328320802005,46.0526315789474,45.2950558213716,21.9298245614035,246.143488378173,41.0239147296956,"No Narrative"
"2013013",41.777309,-71.192532,"B0846","7/10/2013","Multihab","LOWGRADIENTIBI","SNEP_2020_Bugs",360,48.8888888888889,23.6842105263158,28.9473684210526,31.5789473684211,15.7894736842105,0,99.7732426303855,74.0131578947368,40.6015037593985,78.9473684210526,61.244019138756,0,354.579291844329,59.0965486407216,"No Narrative"
"2013014",41.800693,-71.304341,"B0842","7/10/2013","Multihab","LOWGRADIENTIBI","SNEP_2020_Bugs",313,11.5015974440895,18.1818181818182,45.4545454545455,9.09090909090909,31.8181818181818,0,23.4726478450805,56.8181818181818,1.2987012987013,22.7272727272727,12.67217630854,0,116.988979997776,19.4981633329627,"No Narrative"
"2013015",41.830588,-71.329937,"B0866","7/10/2013","Multihab","LOWGRADIENTIBI","SNEP_2020_Bugs",275,9.45454545454546,18.9189189189189,21.6216216216216,16.2162162162162,13.5135135135135,2.7027027027027,19.2949907235622,59.1216216216216,58.043758043758,40.5405405405405,68.1408681408681,22.5225225225225,267.664301592873,44.6107169321455,"No Narrative"
"2013017",41.846114,-71.262551,"B0838","7/11/2013","Multihab","LOWGRADIENTIBI","SNEP_2020_Bugs",283,16.9611307420495,14.2857142857143,19.047619047619,19.047619047619,14.2857142857143,2.38095238095238,34.6145525347948,44.6428571428571,64.172335600907,47.6190476190476,65.8008658008658,19.8412698412698,276.690928539742,46.1151547566237,"No Narrative"
"2013018",41.907438,-70.979916,"B0837","7/11/2013","Multihab","LOWGRADIENTIBI","SNEP_2020_Bugs",279,6.45161290322581,25,27.2727272727273,15.9090909090909,20.4545454545455,6.81818181818182,13.1665569453588,78.125,44.5887445887446,39.7727272727273,47.1074380165289,56.8181818181818,279.578648641541,46.5964414402569,"No Narrative"
"2013019.A",42.086583,-70.756947,"B0857","7/16/2013","Multihab","LOWGRADIENTIBI","SNEP_2020_Bugs",301,42.8571428571429,17.7777777777778,17.7777777777778,28.8888888888889,8.88888888888889,4.44444444444444,87.4635568513119,55.5555555555556,67.1957671957672,72.2222222222222,82.1548821548822,37.037037037037,401.629021016776,66.9381701694627,"No Narrative"
"2013019.B",42.086583,-70.756947,"B0857","7/16/2013","Multihab","LOWGRADIENTIBI","SNEP_2020_Bugs",313,40.8945686900958,17.0212765957447,17.0212765957447,34.0425531914894,8.51063829787234,2.12765957446809,83.4583034491752,53.1914893617021,68.9969604863222,85.1063829787234,83.3010960670535,17.7304964539007,391.784728796877,65.2974547994795,"No Narrative"
"2013019.C",42.086583,-70.756947,"B0857","7/16/2013","Multihab","LOWGRADIENTIBI","SNEP_2020_Bugs",310,38.0645161290323,18.1818181818182,20,30.9090909090909,9.09090909090909,5.45454545454545,77.6826859776169,56.8181818181818,61.9047619047619,77.2727272727273,81.5426997245179,45.4545454545455,400.675602152351,66.7792670253919,"No Narrative"
"2013020",42.042388,-70.898462,"B0841","7/16/2013","Multihab","LOWGRADIENTIBI","SNEP_2020_Bugs",296,57.0945945945946,9.30232558139535,20.9302325581395,30.2325581395349,16.2790697674419,2.32558139534884,100,29.0697674418605,59.6899224806201,75.5813953488372,59.7603946441156,19.3798449612403,343.481324876674,57.2468874794456,"No Narrative"
"2013021",42.068117,-70.914242,"B0845","7/17/2013","Multihab","LOWGRADIENTIBI","SNEP_2020_Bugs",279,2.5089605734767,15.3846153846154,20.5128205128205,10.2564102564103,12.8205128205128,0,5.12032770097286,48.0769230769231,60.6837606837607,25.6410256410256,70.2408702408702,0,209.762907343553,34.9604845572588,"No Narrative"
"2013022",42.018472,-70.922526,"B0833","7/17/2013","Multihab","LOWGRADIENTIBI","SNEP_2020_Bugs",277,33.9350180505415,22.5,20,27.5,17.5,2.5,69.2551388786562,70.3125,61.9047619047619,68.75,56.0606060606061,20.8333333333333,347.116340177357,57.8527233628929,"No Narrative"
"2013023.A",41.997462,-70.953869,"B0863","7/17/2013","Multihab","LOWGRADIENTIBI","SNEP_2020_Bugs",306,15.0326797385621,20,20,26.6666666666667,15.5555555555556,2.22222222222222,30.6789382419635,62.5,61.9047619047619,66.6666666666667,61.952861952862,18.5185185185185,302.221747284773,50.3702912141287,"No Narrative"
"2013023.B",41.997462,-70.953869,"B0863","7/17/2013","Multihab","LOWGRADIENTIBI","SNEP_2020_Bugs",309,11.0032362459547,17.7777777777778,22.2222222222222,22.2222222222222,22.2222222222222,2.22222222222222,22.4555841754177,55.5555555555556,56.6137566137566,55.5555555555556,41.7508417508418,18.5185185185185,250.449812169646,41.7416353616076,"No Narrative"
"2013023.C",41.997462,-70.953869,"B0863","7/17/2013","Multihab","LOWGRADIENTIBI","SNEP_2020_Bugs",308,9.74025974025974,19.047619047619,30.952380952381,16.6666666666667,26.1904761904762,0,19.8780811025709,59.5238095238095,35.827664399093,41.6666666666667,29.7258297258297,0,186.62205141797,31.1036752363283,"No Narrative"
"2013024",41.881423,-70.909427,"B0854","7/18/2013","Multihab","LOWGRADIENTIBI","SNEP_2020_Bugs",298,2.3489932885906,13.5135135135135,48.6486486486486,8.10810810810811,35.1351351351351,0,4.79386385426654,42.2297297297297,0,20.2702702702703,2.62080262080262,0,69.9146664750692,11.6524444125115,"No Narrative"
"2013026",41.909381,-71.098124,"B0848","7/18/2013","Multihab","LOWGRADIENTIBI","SNEP_2020_Bugs",274,21.5328467153285,17.0212765957447,27.6595744680851,19.1489361702128,19.1489361702128,0,43.9445851333234,53.1914893617021,43.6676798378926,47.8723404255319,51.063829787234,0,239.739924545684,39.9566540909473,"No Narrative"
"2013027.A",41.932518,-71.077577,"B0858","7/22/2013","Multihab","LOWGRADIENTIBI","SNEP_2020_Bugs",278,15.4676258992806,23.5294117647059,20.5882352941176,14.7058823529412,11.7647058823529,5.88235294117647,31.5665834679195,73.5294117647059,60.5042016806723,36.7647058823529,73.4402852049911,49.0196078431373,324.824795843779,54.1374659739632,"No Narrative"
"2013027.B",41.932518,-71.077577,"B0858","7/22/2013","Multihab","LOWGRADIENTIBI","SNEP_2020_Bugs",264,14.0151515151515,23.3333333333333,23.3333333333333,16.6666666666667,13.3333333333333,6.66666666666667,28.6023500309215,72.9166666666667,53.968253968254,41.6666666666667,68.6868686868687,55.5555555555556,321.396361574933,53.5660602624888,"No Narrative"
"2013027.C",41.932518,-71.077577,"B0858","7/22/2013","Multihab","LOWGRADIENTIBI","SNEP_2020_Bugs",285,11.5789473684211,22.5,25,12.5,17.5,5,23.6305048335124,70.3125,50,31.25,56.0606060606061,41.6666666666667,272.920277560785,45.4867129267975,"No Narrative"
"2013028",41.988368,-71.035453,"B0839","7/22/2013","Multihab","LOWGRADIENTIBI","SNEP_2020_Bugs",292,0,25,75,0,62.5,0,0,78.125,0,0,0,0,78.125,13.0208333333333,"No Narrative"
"2013029",42.015585,-71.052662,"B0843","7/22/2013","Multihab","LOWGRADIENTIBI","SNEP_2020_Bugs",293,37.542662116041,18.9189189189189,24.3243243243243,29.7297297297297,16.2162162162162,2.7027027027027,76.6176777878387,59.1216216216216,51.6087516087516,74.3243243243243,59.95085995086,22.5225225225225,344.145757815919,57.3576263026531,"No Narrative"
"2013030",42.075428,-71.009638,"B0864","7/23/2013","Multihab","LOWGRADIENTIBI","SNEP_2020_Bugs",270,5.92592592592593,8.51063829787234,27.6595744680851,8.51063829787234,27.6595744680851,0,12.0937263794407,26.5957446808511,43.6676798378926,21.2765957446809,25.2740167633785,0,128.907763406244,21.4846272343739,"No Narrative"
"2013031",42.082574,-71.030076,"B0836","7/23/2013","Multihab","LOWGRADIENTIBI","SNEP_2020_Bugs",275,6.18181818181818,16.2162162162162,29.7297297297297,10.8108108108108,18.9189189189189,0,12.6159554730983,50.6756756756757,38.7387387387387,27.027027027027,51.7608517608518,0,180.818248675392,30.1363747792319,"No Narrative"
"2013032",42.061126,-71.216586,"B0835","7/23/2013","Multihab","LOWGRADIENTIBI","SNEP_2020_Bugs",269,25.2788104089219,15.2173913043478,32.6086956521739,21.7391304347826,19.5652173913043,0,51.5894089977999,47.554347826087,31.8840579710145,54.3478260869565,49.802371541502,0,235.17801242336,39.1963354038933,"No Narrative"
"2013033",42.005027,-71.213447,"B0860","7/23/2013","Multihab","LOWGRADIENTIBI","SNEP_2020_Bugs",309,40.1294498381877,18.1818181818182,18.1818181818182,34.0909090909091,11.3636363636364,4.54545454545455,81.8968364044647,56.8181818181818,66.2337662337662,85.2272727272727,74.6556473829201,37.8787878787879,402.710492445393,67.1184154075656,"No Narrative"
"2013034",41.989495,-71.173717,"B0852","7/24/2013","Multihab","LOWGRADIENTIBI","SNEP_2020_Bugs",273,18.3150183150183,14.7058823529412,20.5882352941176,20.5882352941176,20.5882352941176,0,37.3775883979966,45.9558823529412,60.5042016806723,51.4705882352941,46.7023172905526,0,242.010577957457,40.3350963262428,"No Narrative"
"2013035",41.949458,-71.175526,"B0865","7/24/2013","Multihab","LOWGRADIENTIBI","SNEP_2020_Bugs",276,15.9420289855072,6.52173913043478,23.9130434782609,26.0869565217391,10.8695652173913,0,32.5347530316474,20.3804347826087,52.5879917184265,65.2173913043478,76.1528326745718,0,246.873403511602,41.1455672519337,"No Narrative"
"2013036",42.199476,-70.862069,"B0861","7/25/2013","Multihab","LOWGRADIENTIBI","SNEP_2020_Bugs",299,9.69899665551839,18.4210526315789,21.0526315789474,23.6842105263158,21.0526315789474,0,19.7938707255477,57.5657894736842,59.3984962406015,59.2105263157895,45.2950558213716,0,241.263738576995,40.2106230961658,"No Narrative"
"2013037.A",42.242442,-70.859057,"B0132","7/25/2013","Multihab","LOWGRADIENTIBI","SNEP_2020_Bugs",321,20.2492211838006,12.5,15,22.5,7.5,5,41.3249411914298,39.0625,73.8095238095238,56.25,86.3636363636364,41.6666666666667,338.477268031257,56.4128780052094,"No Narrative"
"2013037.B",42.242442,-70.859057,"B0132","7/25/2013","Multihab","LOWGRADIENTIBI","SNEP_2020_Bugs",346,19.9421965317919,10.5263157894737,21.0526315789474,21.0526315789474,13.1578947368421,7.89473684210526,40.6983602689631,32.8947368421053,59.3984962406015,52.6315789473684,69.2185007974482,65.7894736842105,320.631146780697,53.4385244634495,"No Narrative"
"2013037.C",42.242442,-70.859057,"B0132","7/25/2013","Multihab","LOWGRADIENTIBI","SNEP_2020_Bugs",335,20.8955223880597,13.0434782608696,21.7391304347826,21.7391304347826,13.0434782608696,6.52173913043478,42.6439232409382,40.7608695652174,57.7639751552795,54.3478260869565,69.5652173913044,54.3478260869565,319.429637526652,53.2382729211087,"No Narrative"
"2013038",42.24343,-71.094378,"B0844","7/25/2013","Multihab","LOWGRADIENTIBI","SNEP_2020_Bugs",286,9.09090909090909,14.2857142857143,20,14.2857142857143,22.8571428571429,0,18.5528756957328,44.6428571428571,61.9047619047619,35.7142857142857,39.8268398268398,0,200.641620284477,33.4402700474129,"No Narrative"
"2013039",42.495119,-71.136137,"B0849","7/29/2013","Multihab","LOWGRADIENTIBI","SNEP_2020_Bugs",323,0.928792569659443,15,40,10,30,0,1.89549504012131,46.875,14.2857142857143,25,18.1818181818182,0,106.238027507654,17.7063379179423,"No Narrative"
"2013042",42.664623,-71.753811,"B0868","7/30/2013","Multihab","LOWGRADIENTIBI","SNEP_2020_Bugs",308,36.3636363636364,18.3333333333333,5,36.6666666666667,8.33333333333333,10,74.2115027829314,57.2916666666667,97.6190476190476,91.6666666666667,83.8383838383838,83.3333333333333,487.960600907029,81.3267668178382,"No Narrative"
"2013048",41.952551,-71.224761,"B0831","8/1/2013","Multihab","LOWGRADIENTIBI","SNEP_2020_Bugs",325,37.5384615384615,18,16,38,8,8,76.6091051805338,56.25,71.4285714285714,95,84.8484848484848,66.6666666666667,450.802828124257,75.1338046873761,"No Narrative"
"2014006.A",42.664623,-71.753811,"B0868","7/7/2014","Multihab","LOWGRADIENTIBI","SNEP_2020_Bugs",308,23.0519480519481,26.6666666666667,5,45,1.66666666666667,15,47.0447919427511,83.3333333333333,97.6190476190476,100,100,100,527.997172895132,87.9995288158553,"No Narrative"
"2014006.B",42.664623,-71.753811,"B0868","7/7/2014","Multihab","LOWGRADIENTIBI","SNEP_2020_Bugs",324,23.7654320987654,21.6666666666667,3.33333333333333,36.6666666666667,1.66666666666667,11.6666666666667,48.5008818342152,67.7083333333333,100,91.6666666666667,100,97.2222222222222,505.098104056437,84.1830173427396,"No Narrative"
"2014006.C",42.664623,-71.753811,"B0868","7/7/2014","Multihab","LOWGRADIENTIBI","SNEP_2020_Bugs",296,26.3513513513514,18,4,42,0,10,53.7782680639823,56.25,100,100,100,83.3333333333333,493.361601397316,82.2269335662193,"No Narrative"
"2014010",42.47217,-72.256802,"B0902","7/10/2014","Multihab","LOWGRADIENTIBI","SNEP_2020_Bugs",292,21.9178082191781,26.6666666666667,5,36.6666666666667,5,3.33333333333333,44.7302208554655,83.3333333333333,97.6190476190476,91.6666666666667,93.9393939393939,27.7777777777778,439.066440191685,73.1777400319475,"No Narrative"
"2014013",41.562812,-71.133855,"B0869","7/14/2014","Multihab","LOWGRADIENTIBI","SNEP_2020_Bugs",301,20.9302325581395,22.972972972973,12.1621621621622,32.4324324324324,10.8108108108108,8.10810810810811,42.7147603227337,71.7905405405405,80.5662805662806,81.0810810810811,76.3308763308763,67.5675675675676,420.05110640908,70.0085177348466,"No Narrative"
"2014014.A",41.63266,-71.060383,"B0827","7/14/2014","Multihab","LOWGRADIENTIBI","SNEP_2020_Bugs",295,8.47457627118644,25,13.4615384615385,25,9.61538461538461,9.61538461538461,17.2950536146662,78.125,77.4725274725275,62.5,79.95337995338,80.1282051282051,395.474166168779,65.9123610281298,"No Narrative"
"2014014.B",41.63266,-71.060383,"B0827","7/14/2014","Multihab","LOWGRADIENTIBI","SNEP_2020_Bugs",337,13.6498516320475,22,16,30,12,10,27.856840065403,68.75,71.4285714285714,75,72.7272727272727,83.3333333333333,399.09601755458,66.5160029257634,"No Narrative"
"2014014.C",41.63266,-71.060383,"B0827","7/14/2014","Multihab","LOWGRADIENTIBI","SNEP_2020_Bugs",378,19.3121693121693,27.6595744680851,10.6382978723404,31.9148936170213,8.51063829787234,8.51063829787234,39.4125904329986,86.436170212766,84.1945288753799,79.7872340425532,83.3010960670535,70.9219858156028,444.053605446354,74.008934241059,"No Narrative"
"2014015",41.772548,-71.084948,"B0468","7/14/2014","Multihab","LOWGRADIENTIBI","SNEP_2020_Bugs",290,18.2758620689655,30.3030303030303,6.06060606060606,27.2727272727273,6.06060606060606,9.09090909090909,37.2976776917664,94.6969696969697,95.0937950937951,68.1818181818182,90.7254361799816,75.7575757575758,461.753272601907,76.9588787669845,"No Narrative"
"2014019",42.079834,-72.565564,"B0873","7/16/2014","Multihab","LOWGRADIENTIBI","SNEP_2020_Bugs",335,12.5373134328358,16.6666666666667,16.6666666666667,8.33333333333333,22.2222222222222,0,25.5863539445629,52.0833333333333,69.8412698412698,20.8333333333333,41.7508417508418,0,210.095132203341,35.0158553672235,"No Narrative"
"2014020",42.037302,-72.699906,"B0872","7/16/2014","Multihab","LOWGRADIENTIBI","SNEP_2020_Bugs",298,23.1543624161074,16.6666666666667,11.6666666666667,23.3333333333333,11.6666666666667,1.66666666666667,47.2538008491987,52.0833333333333,81.7460317460318,58.3333333333333,73.7373737373737,13.8888888888889,327.04276188816,54.50712698136,"No Narrative"
"2014023",42.263606,-72.706051,"B0874","7/21/2014","Multihab","LOWGRADIENTIBI","SNEP_2020_Bugs",314,14.3312101910828,17.910447761194,8.95522388059701,26.865671641791,8.95522388059701,4.47761194029851,29.2473677369037,55.9701492537313,88.2018479033404,67.1641791044776,81.9538670284939,37.3134328358209,359.850843862768,59.9751406437946,"No Narrative"
"2014024",42.250209,-72.658927,"B0879","7/21/2014","Multihab","LOWGRADIENTIBI","SNEP_2020_Bugs",296,25,20.3389830508475,5.08474576271186,28.8135593220339,8.47457627118644,3.38983050847458,51.0204081632653,63.5593220338983,97.4172719935432,72.0338983050847,83.4103749357987,28.2485875706215,395.689863002212,65.9483105003686,"No Narrative"
"2014025",42.262151,-72.1066,"B0897","7/22/2014","Multihab","LOWGRADIENTIBI","SNEP_2020_Bugs",314,41.0828025477707,26.4150943396226,9.43396226415094,22.6415094339623,13.2075471698113,0,83.8424541791239,82.5471698113208,87.0619946091644,56.6037735849057,69.0680388793596,0,379.123431063874,63.1872385106457,"No Narrative"
"2014026",42.360918,-72.230114,"B0903","7/22/2014","Multihab","LOWGRADIENTIBI","SNEP_2020_Bugs",321,24.6105919003115,20.9677419354839,3.2258064516129,25.8064516129032,1.61290322580645,6.45161290322581,50.2256977557378,65.5241935483871,100,64.5161290322581,100,53.763440860215,434.029461196598,72.3382435327663,"No Narrative"
"2014030",42.223378,-72.179651,"B0893","7/23/2014","Multihab","LOWGRADIENTIBI","SNEP_2020_Bugs",317,57.7287066246057,17.8571428571429,17.8571428571429,42.8571428571429,14.2857142857143,0,100,55.8035714285714,67.0068027210884,100,65.8008658008658,0,388.611239950526,64.7685399917543,"No Narrative"
"2014031",42.250403,-72.426539,"B0892","7/24/2014","Multihab","LOWGRADIENTIBI","SNEP_2020_Bugs",292,6.50684931506849,18.3673469387755,6.12244897959184,14.2857142857143,8.16326530612245,8.16326530612245,13.2792843164663,57.3979591836735,94.9465500485909,35.7142857142857,84.3537414965986,68.0272108843537,353.719031643969,58.9531719406615,"No Narrative"
"2014035",42.05933,-72.271605,"B0896","7/28/2014","Multihab","LOWGRADIENTIBI","SNEP_2020_Bugs",299,20.066889632107,20.7317073170732,3.65853658536585,28.0487804878049,7.31707317073171,4.8780487804878,40.9528359838919,64.7865853658537,100,70.1219512195122,86.9179600886918,40.650406504065,403.429739162015,67.2382898603358,"No Narrative"
"2014037",42.043514,-72.456478,"B0876","7/28/2014","Multihab","LOWGRADIENTIBI","SNEP_2020_Bugs",316,38.2911392405063,15.4929577464789,7.04225352112676,32.3943661971831,9.85915492957746,0,78.1451821234823,48.4154929577465,92.7565392354125,80.9859154929577,79.2146820315834,0,379.517811841182,63.2529686401971,"No Narrative"
"2014039",42.476536,-72.518604,"B0885","7/29/2014","Multihab","LOWGRADIENTIBI","SNEP_2020_Bugs",299,16.0535117056856,20,13.8461538461538,33.8461538461538,7.69230769230769,4.61538461538461,32.7622687871135,62.5,76.5567765567766,84.6153846153846,85.7808857808858,38.4615384615385,380.676854201699,63.4461423669498,"No Narrative"
"2014040.A",42.444317,-72.489876,"B0884","7/29/2014","Multihab","LOWGRADIENTIBI","SNEP_2020_Bugs",311,13.8263665594855,25.8064516129032,9.67741935483871,30.6451612903226,6.45161290322581,4.83870967741935,28.217074611195,80.6451612903226,86.4823348694316,76.6129032258064,89.5405669599218,40.3225806451613,401.820621601839,66.9701036003064,"No Narrative"
"2014040.B",42.444317,-72.489876,"B0884","7/29/2014","Multihab","LOWGRADIENTIBI","SNEP_2020_Bugs",304,11.1842105263158,22.4489795918367,12.2448979591837,30.6122448979592,10.2040816326531,8.16326530612245,22.8249194414608,70.1530612244898,80.3692905733722,76.530612244898,78.169449598021,68.0272108843537,396.074543966596,66.0124239944326,"No Narrative"
"2014040.C",42.444317,-72.489876,"B0884","7/29/2014","Multihab","LOWGRADIENTIBI","SNEP_2020_Bugs",305,11.1475409836066,20.7547169811321,15.0943396226415,26.4150943396226,9.43396226415094,3.77358490566038,22.7500836400134,64.8584905660377,73.5849056603774,66.0377358490566,80.5031446540881,31.4465408805031,339.180901250076,56.5301502083461,"No Narrative"
"2014041",42.552868,-72.519503,"B0887","7/30/2014","Multihab","LOWGRADIENTIBI","SNEP_2020_Bugs",404,44.8019801980198,18.9189189189189,5.40540540540541,37.8378378378378,5.40540540540541,8.10810810810811,91.43261264902,59.1216216216216,96.6537966537966,94.5945945945946,92.7108927108927,67.5675675675676,502.081085797493,83.6801809662489,"No Narrative"
"2014043",42.555068,-72.558257,"B0871","7/30/2014","Multihab","LOWGRADIENTIBI","SNEP_2020_Bugs",319,14.7335423197492,15.2173913043478,17.3913043478261,30.4347826086957,15.2173913043478,2.17391304347826,30.0684537137739,47.554347826087,68.1159420289855,76.0869565217391,62.9776021080369,18.1159420289855,302.919244227608,50.4865407046013,"No Narrative"
"2014046",42.040793,-72.484896,"B0875","8/4/2014","Multihab","LOWGRADIENTIBI","SNEP_2020_Bugs",307,19.8697068403909,18.75,6.25,25,6.25,4.16666666666667,40.5504221232467,58.59375,94.6428571428571,62.5,90.1515151515152,34.7222222222222,381.160766639841,63.5267944399735,"No Narrative"
"2014047",42.270034,-72.594205,"B0877","8/4/2014","Multihab","LOWGRADIENTIBI","SNEP_2020_Bugs",318,14.1509433962264,23.4375,21.875,20.3125,17.1875,1.5625,28.8794763188294,73.2421875,57.4404761904762,50.78125,57.0075757575758,13.0208333333333,280.371799100215,46.7286331833691,"No Narrative"
"2014048.A",42.279627,-72.58673,"B0878","8/4/2014","Multihab","LOWGRADIENTIBI","SNEP_2020_Bugs",284,15.1408450704225,28.5714285714286,11.1111111111111,20.6349206349206,9.52380952380952,3.17460317460317,30.8996838171889,89.2857142857143,83.0687830687831,51.5873015873016,80.2308802308802,26.4550264550265,361.527389444894,60.2545649074824,"No Narrative"
"2014048.B",42.279627,-72.58673,"B0878","8/4/2014","Multihab","LOWGRADIENTIBI","SNEP_2020_Bugs",311,15.112540192926,24.1935483870968,4.83870967741935,30.6451612903226,8.06451612903226,1.61290322580645,30.8419187610736,75.6048387096774,98.0030721966206,76.6129032258064,84.652981427175,13.4408602150538,379.156574535407,63.1927624225678,"No Narrative"
"2014048.C",42.279627,-72.58673,"B0878","8/4/2014","Multihab","LOWGRADIENTIBI","SNEP_2020_Bugs",275,12,28.5714285714286,11.1111111111111,22.2222222222222,9.52380952380952,4.76190476190476,24.4897959183673,89.2857142857143,83.0687830687831,55.5555555555556,80.2308802308802,39.6825396825397,372.31326874184,62.0522114569734,"No Narrative"
"2014049",42.456557,-72.636993,"B0883","8/5/2014","Multihab","LOWGRADIENTIBI","SNEP_2020_Bugs",302,46.6887417218543,10.9090909090909,5.45454545454545,25.4545454545455,10.9090909090909,1.81818181818182,95.2831463711312,34.0909090909091,96.5367965367965,63.6363636363636,76.0330578512397,15.1515151515152,380.731788637955,63.4552981063259,"No Narrative"
"2015001",42.826111,-70.984012,"B0931","7/7/2015","Multihab","LOWGRADIENTIBI","SNEP_2020_Bugs",307,1.95439739413681,6.66666666666667,26.6666666666667,10,26.6666666666667,0,3.98856611048328,20.8333333333333,46.031746031746,25,28.2828282828283,0,124.136473758391,20.6894122930652,"No Narrative"
"2015002",42.697117,-71.143995,"B0922","7/7/2015","Multihab","LOWGRADIENTIBI","SNEP_2020_Bugs",314,11.4649681528662,5.12820512820513,28.2051282051282,15.3846153846154,23.0769230769231,2.56410256410256,23.3978941895229,16.025641025641,42.3687423687424,38.4615384615385,39.1608391608392,21.3675213675214,180.782176573805,30.1303627623009,"No Narrative"
"2015003",42.733424,-70.904624,"B0940","7/8/2015","Multihab","LOWGRADIENTIBI","SNEP_2020_Bugs",323,7.12074303405573,17.7777777777778,24.4444444444444,20,22.2222222222222,0,14.5321286409301,55.5555555555556,51.3227513227513,50,41.7508417508418,0,213.161277270079,35.5268795450131,"No Narrative"
"2015005.A",42.495806,-71.038741,"B0918","7/9/2015","Multihab","LOWGRADIENTIBI","SNEP_2020_Bugs",315,6.66666666666667,8.33333333333333,25,29.1666666666667,20.8333333333333,0,13.6054421768707,26.0416666666667,50,72.9166666666667,45.959595959596,0,208.5233714698,34.7538952449667,"No Narrative"
"2015005.B",42.495806,-71.038741,"B0918","7/9/2015","Multihab","LOWGRADIENTIBI","SNEP_2020_Bugs",317,4.10094637223975,11.5384615384615,38.4615384615385,15.3846153846154,26.9230769230769,0,8.36927831069336,36.0576923076923,17.948717948718,38.4615384615385,27.5058275058275,0,128.34305453447,21.3905090890783,"No Narrative"
"2015005.C",42.495806,-71.038741,"B0918","7/9/2015","Multihab","LOWGRADIENTIBI","SNEP_2020_Bugs",358,3.91061452513966,6.25,25,25,18.75,0,7.98084596967279,19.53125,50,62.5,52.2727272727273,0,192.2848232424,32.0474705404,"No Narrative"
"2015009",42.319324,-71.395583,"B0935","7/13/2015","Multihab","LOWGRADIENTIBI","SNEP_2020_Bugs",323,11.7647058823529,23.6842105263158,28.9473684210526,7.89473684210526,28.9473684210526,2.63157894736842,24.0096038415366,74.0131578947368,40.6015037593985,19.7368421052632,21.3716108452951,21.9298245614035,201.662543007634,33.6104238346056,"No Narrative"
"2015011",42.700651,-71.487647,"B0942","7/14/2015","Multihab","LOWGRADIENTIBI","SNEP_2020_Bugs",299,17.3913043478261,26.3157894736842,31.5789473684211,23.6842105263158,26.3157894736842,0,35.4924578527063,82.2368421052632,34.3358395989975,59.2105263157895,29.3460925039872,0,240.621758376744,40.1036263961239,"No Narrative"
"2015012",42.664623,-71.753811,"B0868","7/14/2015","Multihab","LOWGRADIENTIBI","SNEP_2020_Bugs",314,34.0764331210191,21.3114754098361,4.91803278688525,37.7049180327869,8.19672131147541,8.19672131147541,69.5437410633043,66.5983606557377,97.8142076502732,94.2622950819672,84.2523596621957,68.3060109289617,480.77697504244,80.1294958404066,"No Narrative"
"2015016",42.121769,-71.36544,"B0929","7/16/2015","Multihab","LOWGRADIENTIBI","SNEP_2020_Bugs",345,34.7826086956522,30.7692307692308,38.4615384615385,23.0769230769231,38.4615384615385,0,70.9849157054126,96.1538461538462,17.948717948718,57.6923076923077,0,0,242.779787500284,40.4632979167141,"No Narrative"
"2015017",42.187016,-71.375822,"B0936","7/16/2015","Multihab","LOWGRADIENTIBI","SNEP_2020_Bugs",301,13.6212624584718,23.8095238095238,9.52380952380952,21.4285714285714,14.2857142857143,0,27.7984948132077,74.4047619047619,86.8480725623583,53.5714285714286,65.8008658008658,0,308.423623652622,51.403937275437,"No Narrative"
"2015018",42.104981,-71.458405,"B0908","7/16/2015","Multihab","LOWGRADIENTIBI","SNEP_2020_Bugs",328,4.8780487804878,27.2727272727273,18.1818181818182,31.8181818181818,13.6363636363636,0,9.95520159283226,85.2272727272727,66.2337662337662,79.5454545454545,67.7685950413223,0,308.730290140648,51.4550483567747,"No Narrative"
"2015019",42.224779,-71.477671,"B0907","7/16/2015","Multihab","LOWGRADIENTIBI","SNEP_2020_Bugs",310,13.5483870967742,13.1147540983607,21.3114754098361,16.3934426229508,16.3934426229508,0,27.6497695852535,40.9836065573771,58.7822014051522,40.983606557377,59.4138102334824,0,227.812994338642,37.9688323897737,"No Narrative"
"2015023.A",42.476831,-71.565421,"B0923","7/21/2015","Multihab","LOWGRADIENTIBI","SNEP_2020_Bugs",298,15.1006711409396,18.4615384615385,4.61538461538461,27.6923076923077,9.23076923076923,4.61538461538461,30.8176962059992,57.6923076923077,98.5347985347985,69.2307692307692,81.1188811188811,38.4615384615385,375.855991244294,62.6426652073824,"No Narrative"
"2015023.B",42.476831,-71.565421,"B0923","7/21/2015","Multihab","LOWGRADIENTIBI","SNEP_2020_Bugs",310,14.5161290322581,26.4705882352941,8.82352941176471,23.5294117647059,10.2941176470588,2.94117647058824,29.6247531270573,82.7205882352941,88.515406162465,58.8235294117647,77.8966131907308,24.5098039215686,362.090694048881,60.3484490081468,"No Narrative"
"2015023.C",42.476831,-71.565421,"B0923","7/21/2015","Multihab","LOWGRADIENTIBI","SNEP_2020_Bugs",312,17.3076923076923,22.8070175438597,7.01754385964912,24.5614035087719,14.0350877192982,3.50877192982456,35.3218210361067,71.2719298245614,92.8153717627402,61.4035087719298,66.5603402445508,29.2397660818713,356.61273772176,59.43545628696,"No Narrative"
"2015024",42.526778,-71.413421,"B0926","7/21/2015","Multihab","LOWGRADIENTIBI","SNEP_2020_Bugs",340,34.7058823529412,7.89473684210526,23.6842105263158,21.0526315789474,18.4210526315789,2.63157894736842,70.828331332533,24.6710526315789,53.1328320802005,52.6315789473684,53.2695374800638,21.9298245614035,276.463157033148,46.077192838858,"No Narrative"
"2015025",42.62973,-71.506158,"B0928","7/21/2015","Multihab","LOWGRADIENTIBI","SNEP_2020_Bugs",351,12.8205128205128,26.9230769230769,25,21.1538461538462,23.0769230769231,0,26.1643118785976,84.1346153846154,50,52.8846153846154,39.1608391608392,0,252.344381808668,42.0573969681113,"No Narrative"
"2015026",42.597591,-71.447571,"B0933","7/21/2015","Multihab","LOWGRADIENTIBI","SNEP_2020_Bugs",321,26.791277258567,33.3333333333333,30.5555555555556,30.5555555555556,16.6666666666667,2.77777777777778,54.6760760378918,100,36.7724867724868,76.3888888888889,58.5858585858586,23.1481481481481,349.571458433274,58.261909738879,"No Narrative"
"2015028",42.865929,-70.961591,"B0911","7/22/2015","Multihab","LOWGRADIENTIBI","SNEP_2020_Bugs",310,11.9354838709677,18.75,21.875,28.125,28.125,3.125,24.3581303489138,58.59375,57.4404761904762,70.3125,23.8636363636364,26.0416666666667,260.610159569693,43.4350265949488,"No Narrative"
"2015029",42.735035,-70.94273,"B0916","7/22/2015","Multihab","LOWGRADIENTIBI","SNEP_2020_Bugs",320,7.5,12.5,21.875,21.875,15.625,0,15.3061224489796,39.0625,57.4404761904762,54.6875,61.7424242424242,0,228.23902288188,38.03983714698,"No Narrative"
"2015030",42.633923,-70.974737,"B0920","7/22/2015","Multihab","LOWGRADIENTIBI","SNEP_2020_Bugs",338,7.69230769230769,19.5652173913043,19.5652173913043,21.7391304347826,15.2173913043478,4.34782608695652,15.6985871271586,61.1413043478261,62.9399585921325,54.3478260869565,62.9776021080369,36.231884057971,293.337162320082,48.8895270533469,"No Narrative"
"2015031",42.579028,-70.991536,"B0914","7/23/2015","Multihab","LOWGRADIENTIBI","SNEP_2020_Bugs",340,2.35294117647059,28.5714285714286,57.1428571428571,28.5714285714286,35.7142857142857,0,4.80192076830732,89.2857142857143,0,71.4285714285714,0.865800865800863,0,166.382007348394,27.7303345580656,"No Narrative"
"2015032.A",42.501785,-71.240716,"B0921","7/23/2015","Multihab","LOWGRADIENTIBI","SNEP_2020_Bugs",331,3.92749244712991,14.2857142857143,39.2857142857143,7.14285714285714,39.2857142857143,0,8.01529070842839,44.6428571428571,15.9863945578231,17.8571428571429,0,0,86.5016852662515,14.4169475443753,"No Narrative"
"2015032.B",42.501785,-71.240716,"B0921","7/23/2015","Multihab","LOWGRADIENTIBI","SNEP_2020_Bugs",313,2.55591054313099,14.2857142857143,40,11.4285714285714,37.1428571428571,2.85714285714286,5.21614396557345,44.6428571428571,14.2857142857143,28.5714285714286,0,23.8095238095238,116.525667775097,19.4209446291829,"No Narrative"
"2015032.C",42.501785,-71.240716,"B0921","7/23/2015","Multihab","LOWGRADIENTIBI","SNEP_2020_Bugs",339,4.12979351032448,15.7894736842105,34.2105263157895,7.89473684210526,36.8421052631579,0,8.42815002107037,49.3421052631579,28.0701754385965,19.7368421052632,0,0,105.577272828088,17.5962121380147,"No Narrative"
"2015033",42.571829,-71.096255,"B0925","7/23/2015","Multihab","LOWGRADIENTIBI","SNEP_2020_Bugs",338,17.4556213017751,6.06060606060606,24.2424242424242,18.1818181818182,30.3030303030303,0,35.6237169423983,18.9393939393939,51.8037518037518,45.4545454545455,17.2635445362718,0,169.084952676361,28.1808254460602,"No Narrative"
"2015034",42.616929,-70.996412,"B0905","7/23/2015","Multihab","LOWGRADIENTIBI","SNEP_2020_Bugs",331,7.25075528700906,16.6666666666667,16.6666666666667,38.8888888888889,22.2222222222222,0,14.7974597694063,52.0833333333333,69.8412698412698,97.2222222222222,41.7508417508418,0,275.695126917073,45.9491878195122,"No Narrative"
"2015035",42.594356,-71.34067,"B0906","7/27/2015","Multihab","LOWGRADIENTIBI","SNEP_2020_Bugs",298,7.38255033557047,20.5128205128205,25.6410256410256,17.9487179487179,23.0769230769231,0,15.0664292562663,64.1025641025641,48.4737484737485,44.8717948717949,39.1608391608392,0,211.675375865213,35.2792293108688,"No Narrative"
"2015037",42.671844,-71.344448,"B0909","7/27/2015","Multihab","LOWGRADIENTIBI","SNEP_2020_Bugs",342,5.26315789473684,5,25,30,30,0,10.7411385606874,15.625,50,75,18.1818181818182,0,169.547956742506,28.2579927904176,"No Narrative"
"2015038",42.668178,-71.326335,"B0932","7/27/2015","Multihab","LOWGRADIENTIBI","SNEP_2020_Bugs",327,8.25688073394495,12.1212121212121,21.2121212121212,24.2424242424242,30.3030303030303,0,16.8507770080509,37.8787878787879,59.018759018759,60.6060606060606,17.2635445362718,0,191.61792904793,31.9363215079884,"No Narrative"
"2015042",42.427641,-71.485449,"B0910","7/29/2015","Multihab","LOWGRADIENTIBI","SNEP_2020_Bugs",307,26.0586319218241,22,22,26,22,2,53.1808814731104,68.75,57.1428571428571,65,42.4242424242424,16.6666666666667,303.164647706877,50.5274412844794,"No Narrative"
"2015043",42.347696,-71.51794,"B0919","7/29/2015","Multihab","LOWGRADIENTIBI","SNEP_2020_Bugs",363,0,23.8095238095238,47.6190476190476,0,33.3333333333333,0,0,74.4047619047619,0,0,8.08080808080807,0,82.48556998557,13.747594997595,"No Narrative"
"2015044",42.253214,-71.56727,"B0912","7/29/2015","Multihab","LOWGRADIENTIBI","SNEP_2020_Bugs",328,18.2926829268293,32.5581395348837,37.2093023255814,18.6046511627907,25.5813953488372,0,37.332005973121,100,20.9302325581395,46.5116279069767,31.5715292459479,0,236.345395684185,39.3908992806975,"No Narrative"
"2015045",42.291074,-71.688531,"B0927","7/29/2015","Multihab","LOWGRADIENTIBI","SNEP_2020_Bugs",317,5.36277602523659,27.4509803921569,21.5686274509804,15.6862745098039,19.6078431372549,5.88235294117647,10.9444408678298,85.7843137254902,58.1699346405229,39.2156862745098,49.6732026143791,49.0196078431373,292.807185965869,48.8011976609782,"No Narrative"
"2015050",41.562812,-71.133855,"B0869","8/3/2015","Multihab","LOWGRADIENTIBI","SNEP_2020_Bugs",336,22.9166666666667,22.9508196721311,16.3934426229508,27.8688524590164,9.83606557377049,3.27868852459016,46.7687074829932,71.7213114754098,70.4918032786885,69.672131147541,79.2846497764531,27.3224043715847,365.26100753267,60.8768345887784,"No Narrative"
"2015051",41.63266,-71.060383,"B0827","8/3/2015","Multihab","LOWGRADIENTIBI","SNEP_2020_Bugs",377,26.790450928382,13.3333333333333,10,38.3333333333333,6.66666666666667,6.66666666666667,54.6743896497591,41.6666666666667,85.7142857142857,95.8333333333333,88.8888888888889,55.5555555555556,422.333119808489,70.3888533014149,"No Narrative"
"2015054",42.00792,-71.70506,"B0829","8/4/2015","Multihab","LOWGRADIENTIBI","SNEP_2020_Bugs",287,22.2996515679443,18.75,1.5625,35.9375,4.6875,14.0625,45.5094929958046,58.59375,100,89.84375,94.8863636363636,100,488.833356632168,81.4722261053614,"No Narrative"
"2015058",42.287132,-71.651289,"B0930","8/5/2015","Multihab","LOWGRADIENTIBI","SNEP_2020_Bugs",311,4.82315112540193,23.6842105263158,23.6842105263158,21.0526315789474,13.1578947368421,5.26315789473684,9.84316556204475,74.0131578947368,53.1328320802005,52.6315789473684,69.2185007974482,43.859649122807,302.698884404606,50.4498140674343,"No Narrative"
"2015060",42.494062,-71.255983,"B0934","8/5/2015","Multihab","LOWGRADIENTIBI","SNEP_2020_Bugs",341,2.34604105571848,20.5882352941176,32.3529411764706,14.7058823529412,29.4117647058824,2.94117647058824,4.78783888922138,64.3382352941177,32.4929971988796,36.7647058823529,19.9643493761141,24.5098039215686,182.857930562254,30.4763217603757,"No Narrative"
"2016009",42.664623,-71.753811,"B0868","7/26/2016","Multihab","LOWGRADIENTIBI","SNEP_2020_Bugs",318,32.3899371069182,22.0779220779221,3.8961038961039,37.6623376623377,5.19480519480519,6.49350649350649,66.1019124630984,68.9935064935065,100,94.1558441558442,93.349075167257,54.1125541125541,476.71289239226,79.4521487320434,"No Narrative"
"2016010",42.700651,-71.487647,"B0942","7/26/2016","Multihab","LOWGRADIENTIBI","SNEP_2020_Bugs",349,9.16905444126074,32,40,16,36,0,18.7123560025729,100,14.2857142857143,40,0,0,172.998070288287,28.8330117147145,"No Narrative"
"2016011",42.733424,-70.904624,"B0940","7/28/2016","Multihab","LOWGRADIENTIBI","SNEP_2020_Bugs",313,17.8913738019169,37.2093023255814,34.8837209302326,27.906976744186,30.2325581395349,0,36.5130077590142,100,26.4673311184939,69.7674418604651,17.477096546864,0,250.224877284837,41.7041462141395,"No Narrative"
"2016014",41.63266,-71.060383,"B0827","8/3/2016","Multihab","LOWGRADIENTIBI","SNEP_2020_Bugs",294,5.4421768707483,14.5454545454545,10.9090909090909,23.6363636363636,10.9090909090909,7.27272727272727,11.1064834096904,45.4545454545455,83.5497835497836,59.0909090909091,76.0330578512397,60.6060606060606,335.840839962229,55.9734733270381,"No Narrative"
"2016015",42.00792,-71.70506,"B0829","8/3/2016","Multihab","LOWGRADIENTIBI","SNEP_2020_Bugs",311,32.7974276527331,18.0327868852459,8.19672131147541,32.7868852459016,4.91803278688525,8.19672131147541,66.9335258219043,56.3524590163934,90.007806401249,81.9672131147541,94.1877794336811,68.3060109289617,457.754794716944,76.2924657861573,"No Narrative"
"2016026",42.444418,-71.551697,"B0945","9/7/2016","Multihab","LOWGRADIENTIBI","SNEP_2020_Bugs",316,24.0506329113924,39.2156862745098,15.6862745098039,37.2549019607843,9.80392156862745,9.80392156862745,49.0829243089641,100,72.1755368814192,93.1372549019608,79.3820558526441,81.6993464052288,475.477118350217,79.2461863917028,"No Narrative"
"2016033",41.772548,-71.084948,"B0468","9/21/2016","Multihab","LOWGRADIENTIBI","SNEP_2020_Bugs",310,49.0322580645161,27.5,2.5,55,2.5,5,100,85.9375,100,100,100,41.6666666666667,527.604166666667,87.9340277777778,"No Narrative"
"2017021",42.279627,-72.58673,"B0878","7/27/2017","Multihab","LOWGRADIENTIBI","SNEP_2020_Bugs",289,31.1418685121107,20,10,31.6666666666667,10,3.33333333333333,63.5548336981852,62.5,85.7142857142857,79.1666666666667,78.7878787878788,27.7777777777778,397.501442644794,66.250240440799,"No Narrative"
"2019002",42.447149,-72.492036,"B1038","7/2/2019","Multihab","LOWGRADIENTIBI","SNEP_2020_Bugs",334,15.5688622754491,16.6666666666667,11.6666666666667,30,8.33333333333333,1.66666666666667,31.7731883172431,52.0833333333333,81.7460317460318,75,83.8383838383838,13.8888888888889,338.329826123881,56.3883043539801,"No Narrative"
"2019004",41.90744,-70.91495,"B1006","7/3/2019","Multihab","LOWGRADIENTIBI","SNEP_2020_Bugs",321,41.7445482866044,17.5,20,37.5,15,5,85.1929556869477,54.6875,61.9047619047619,93.75,63.6363636363636,41.6666666666667,400.83824789474,66.8063746491233,"No Narrative"
"2019008",42.3863,-72.5504,"B1039","7/9/2019","Multihab","LOWGRADIENTIBI","SNEP_2020_Bugs",301,17.9401993355482,15.2542372881356,8.47457627118644,15.2542372881356,15.2542372881356,1.69491525423729,36.6126517052003,47.6694915254237,89.3462469733656,38.135593220339,62.8659476117103,14.1242937853107,288.75422482135,48.1257041368916,"No Narrative"
"2019011",41.94909,-70.96837,"B1020","7/11/2019","Multihab","LOWGRADIENTIBI","SNEP_2020_Bugs",338,15.9763313609467,11.3207547169811,20.7547169811321,24.5283018867925,15.0943396226415,1.88679245283019,32.6047578794832,35.377358490566,60.1078167115903,61.3207547169811,63.3504859919954,15.7232704402516,268.484444230868,44.7474073718113,"No Narrative"
"2019012",41.92175,-70.92352,"B1007","7/11/2019","Multihab","LOWGRADIENTIBI","SNEP_2020_Bugs",341,49.266862170088,17.0212765957447,25.531914893617,34.0425531914894,17.0212765957447,0,100,53.1914893617021,48.7335359675785,85.1063829787234,57.5112830431979,0,344.542691351202,57.423781891867,"No Narrative"
"2019015",41.83551,-71.13595,"B1021","7/16/2019","Multihab","LOWGRADIENTIBI","SNEP_2020_Bugs",342,44.7368421052632,16.3265306122449,10.2040816326531,36.734693877551,6.12244897959184,8.16326530612245,91.2996777658432,51.0204081632653,85.2283770651118,91.8367346938776,90.5380333951763,68.0272108843537,477.950441967628,79.6584069946046,"No Narrative"
"2019016",41.9471,-71.17695,"B0603","7/16/2019","Multihab","LOWGRADIENTIBI","SNEP_2020_Bugs",335,46.2686567164179,22.8070175438597,14.0350877192982,35.0877192982456,8.7719298245614,8.7719298245614,94.4258300335059,71.2719298245614,76.1069340016709,87.719298245614,82.5093035619351,73.0994152046784,485.132710871966,80.8554518119943,"No Narrative"
"2019017.A",41.98168,-71.16139,"B1019","7/16/2019","Multihab","LOWGRADIENTIBI","SNEP_2020_Bugs",326,40.1840490797546,16.2162162162162,8.10810810810811,40.5405405405405,2.7027027027027,16.2162162162162,82.0082634280706,50.6756756756757,90.2187902187902,100,100,100,522.902729322537,87.1504548870894,"No Narrative"
"2019017.B",41.98168,-71.16139,"B1019","7/16/2019","Multihab","LOWGRADIENTIBI","SNEP_2020_Bugs",302,38.4105960264901,15.3846153846154,15.3846153846154,38.4615384615385,5.12820512820513,12.8205128205128,78.3889714826328,48.0769230769231,72.8937728937729,96.1538461538461,93.5508935508935,100,489.064407158068,81.5107345263447,"No Narrative"
"2019017.C",41.98168,-71.16139,"B1019","7/16/2019","Multihab","LOWGRADIENTIBI","SNEP_2020_Bugs",317,35.9621451104101,24.390243902439,14.6341463414634,36.5853658536585,7.31707317073171,9.75609756097561,73.3921328783879,76.219512195122,74.6806039488966,91.4634146341463,86.9179600886918,81.3008130081301,483.974436753375,80.6624061255625,"No Narrative"
"2019021",42.061126,-71.216586,"B0835","7/18/2019","Multihab","LOWGRADIENTIBI","SNEP_2020_Bugs",316,19.620253164557,15.5555555555556,20,22.2222222222222,11.1111111111111,4.44444444444444,40.0413329888918,48.6111111111111,61.9047619047619,55.5555555555556,75.4208754208754,37.037037037037,318.570674018233,53.0951123363721,"No Narrative"
"2019022",41.992344,-71.042578,"B1015","7/18/2019","Multihab","LOWGRADIENTIBI","SNEP_2020_Bugs",354,0,25,100,0,50,0,0,78.125,0,0,0,0,78.125,13.0208333333333,"No Narrative"
"2019023.A",42.005027,-71.213447,"B0860","7/18/2019","Multihab","LOWGRADIENTIBI","SNEP_2020_Bugs",317,34.0694006309148,9.80392156862745,25.4901960784314,31.3725490196078,15.6862745098039,3.92156862745098,69.5293890426833,30.6372549019608,48.8328664799253,78.4313725490196,61.5567439096851,32.6797385620915,321.667365445366,53.6112275742276,"No Narrative"
"2019023.B",42.005027,-71.213447,"B0860","7/18/2019","Multihab","LOWGRADIENTIBI","SNEP_2020_Bugs",326,34.6625766871166,13.4615384615385,23.0769230769231,34.6153846153846,13.4615384615385,3.84615384615385,70.7399524226869,42.0673076923077,54.5787545787546,86.5384615384615,68.2983682983683,32.0512820512821,354.274126581861,59.0456877636435,"No Narrative"
"2019023.C",42.005027,-71.213447,"B0860","7/18/2019","Multihab","LOWGRADIENTIBI","SNEP_2020_Bugs",320,31.5625,20,25.4545454545455,38.1818181818182,12.7272727272727,3.63636363636364,64.4132653061224,62.5,48.9177489177489,95.4545454545455,70.5234159779614,30.3030303030303,372.112005959409,62.0186676599014,"No Narrative"
"2019027",42.695393,-72.227184,"B0821","7/23/2019","Multihab","LOWGRADIENTIBI","SNEP_2020_Bugs",295,18.3050847457627,30.7692307692308,6.41025641025641,26.9230769230769,2.56410256410256,2.56410256410256,37.357315807679,96.1538461538462,94.2612942612943,67.3076923076923,100,21.3675213675214,416.447669898033,69.4079449830055,"No Narrative"
"2019029",42.201548,-72.044871,"B1030","7/24/2019","Multihab","LOWGRADIENTIBI","SNEP_2020_Bugs",329,12.4620060790274,26.6666666666667,26.6666666666667,17.7777777777778,8.88888888888889,0,25.4326654674028,83.3333333333333,46.031746031746,44.4444444444444,82.1548821548822,0,281.397071431809,46.8995119053015,"No Narrative"
"2019031",42.187595,-71.62677,"B1032","7/24/2019","Multihab","LOWGRADIENTIBI","SNEP_2020_Bugs",322,35.0931677018634,32.6086956521739,19.5652173913043,39.1304347826087,4.34782608695652,2.17391304347826,71.6187095956395,100,62.9399585921325,97.8260869565217,95.9156785243742,18.1159420289855,446.416375697653,74.4027292829422,"No Narrative"
"2019040",42.3671,-72.6042,"B1023","8/1/2019","Multihab","LOWGRADIENTIBI","SNEP_2020_Bugs",334,20.3592814371257,18.1818181818182,31.8181818181818,25.7575757575758,16.6666666666667,0,41.5495539533179,56.8181818181818,33.7662337662338,64.3939393939394,58.5858585858586,0,255.113767517531,42.5189612529219,"No Narrative"
"2019042.A",42.2824,-72.5871,"B1027","8/1/2019","Multihab","LOWGRADIENTIBI","SNEP_2020_Bugs",341,22.2873900293255,21.0526315789474,5.26315789473684,28.9473684210526,6.57894736842105,3.94736842105263,45.4844694476031,65.7894736842105,96.9924812030075,72.3684210526316,89.1547049441786,32.8947368421053,402.684287173737,67.1140478622894,"No Narrative"
"2019042.B",42.2824,-72.5871,"B1027","8/1/2019","Multihab","LOWGRADIENTIBI","SNEP_2020_Bugs",315,18.0952380952381,22.3880597014925,5.97014925373134,29.8507462686567,7.46268656716418,5.97014925373134,36.9290573372206,69.9626865671642,95.3091684434968,74.6268656716418,86.4767073722298,49.7512437810945,413.055729172848,68.842621528808,"No Narrative"
"2019042.C",42.2824,-72.5871,"B1027","8/1/2019","Multihab","LOWGRADIENTIBI","SNEP_2020_Bugs",339,22.1238938053097,21.9178082191781,6.84931506849315,27.3972602739726,8.21917808219178,2.73972602739726,45.1508036843056,68.4931506849315,93.2159165035877,68.4931506849315,84.1843088418431,22.8310502283105,382.36838062791,63.728063437985,"No Narrative"
"2019043",42.042388,-70.898462,"B0841","8/2/2019","Multihab","LOWGRADIENTIBI","SNEP_2020_Bugs",322,16.1490683229814,29.6296296296296,27.7777777777778,31.4814814814815,7.40740740740741,1.85185185185185,32.9572822917987,92.5925925925926,43.3862433862434,78.7037037037037,86.6442199775533,15.4320987654321,349.716140717324,58.2860234528873,"No Narrative"
"2019045",42.07937,-71.01406,"B0609","8/2/2019","Multihab","LOWGRADIENTIBI","SNEP_2020_Bugs",346,8.95953757225434,17.3913043478261,28.2608695652174,17.3913043478261,28.2608695652174,2.17391304347826,18.2847705556211,54.3478260869565,42.2360248447205,43.4782608695652,23.4519104084321,18.1159420289855,199.914734794281,33.3191224657135,"No Narrative"
"2019049",42.0367,-72.5828,"B1025","8/5/2019","Multihab","LOWGRADIENTIBI","SNEP_2020_Bugs",301,18.2724252491694,12.5,12.5,12.5,16.6666666666667,2.08333333333333,37.2906637738152,39.0625,79.7619047619048,31.25,58.5858585858586,17.3611111111111,263.31203823269,43.8853397054483,"No Narrative"
"2019054",41.97795,-71.13415,"B1018","8/6/2019","Multihab","LOWGRADIENTIBI","SNEP_2020_Bugs",361,18.5595567867036,36.1702127659574,34.0425531914894,29.7872340425532,19.1489361702128,2.12765957446809,37.8766465034767,100,28.4701114488349,74.468085106383,51.063829787234,17.7304964539007,309.609169299829,51.6015282166382,"No Narrative"
"2019055",41.93332,-71.15427,"B0350","8/6/2019","Multihab","LOWGRADIENTIBI","SNEP_2020_Bugs",318,57.8616352201258,9.09090909090909,9.09090909090909,38.6363636363636,6.81818181818182,9.09090909090909,100,28.4090909090909,87.8787878787879,96.5909090909091,88.4297520661157,75.7575757575758,477.066115702479,79.5110192837465,"No Narrative"
"2019056",41.94673,-71.20084,"B1022","8/6/2019","Multihab","LOWGRADIENTIBI","SNEP_2020_Bugs",318,44.0251572327044,14.2857142857143,25.7142857142857,37.1428571428571,5.71428571428571,5.71428571428571,89.8472596585804,44.6428571428571,48.2993197278912,92.8571428571429,91.7748917748918,47.6190476190476,415.040518780411,69.1734197967352,"No Narrative"
"2019057",42.2836,-72.6404,"B1024","8/7/2019","Multihab","LOWGRADIENTIBI","SNEP_2020_Bugs",343,33.5276967930029,15.7894736842105,7.89473684210526,15.7894736842105,18.4210526315789,0,68.4238710061284,49.3421052631579,90.7268170426065,39.4736842105263,53.2695374800638,0,301.236015002483,50.2060025004138,"No Narrative"
"2019058",42.2775,-72.6544,"B1028","8/7/2019","Multihab","LOWGRADIENTIBI","SNEP_2020_Bugs",319,6.89655172413793,22.2222222222222,40.7407407407407,18.5185185185185,37.037037037037,0,14.0745953553835,69.4444444444444,12.5220458553792,46.2962962962963,0,0,142.337381951503,23.7228969919172,"No Narrative"
"2019059",42.01888,-71.12579,"B1016","8/7/2019","Multihab","LOWGRADIENTIBI","SNEP_2020_Bugs",338,30.4733727810651,15.2542372881356,11.864406779661,32.2033898305085,11.864406779661,1.69491525423729,62.1905566960512,47.6694915254237,81.2752219531881,80.5084745762712,73.1381612737545,14.1242937853107,358.906199809999,59.8176999683332,"No Narrative"
"2019060",41.99503,-70.9707,"B1017","8/7/2019","Multihab","LOWGRADIENTIBI","SNEP_2020_Bugs",323,21.0526315789474,20,24,28,10,4,42.9645542427497,62.5,52.3809523809524,70,78.7878787878788,33.3333333333333,339.966718744914,56.661119790819,"No Narrative"
"2019062",42.00792,-71.70506,"B0829","8/12/2019","Multihab","LOWGRADIENTIBI","SNEP_2020_Bugs",325,18.7692307692308,22.6415094339623,1.88679245283019,33.9622641509434,3.77358490566038,11.3207547169811,38.3045525902669,70.7547169811321,100,84.9056603773585,97.6558033161807,94.3396226415094,485.960355906448,80.9933926510746,"No Narrative"
"2019063",42.04536,-71.651598,"B1031","8/12/2019","Multihab","LOWGRADIENTIBI","SNEP_2020_Bugs",336,33.0357142857143,18.8679245283019,11.3207547169811,37.7358490566038,5.66037735849057,11.3207547169811,67.4198250728863,58.9622641509434,82.5696316262354,94.3396226415094,91.9382504288165,94.3396226415094,489.5692165619,81.5948694269834,"No Narrative"
"2019066",42.617604,-71.726241,"B1035","8/14/2019","Multihab","LOWGRADIENTIBI","SNEP_2020_Bugs",322,27.9503105590062,21.1538461538462,5.76923076923077,30.7692307692308,5.76923076923077,7.69230769230769,57.0414501204208,66.1057692307692,95.7875457875458,76.9230769230769,91.6083916083916,64.1025641025641,451.568797772769,75.2614662954614,"No Narrative"
"2019067",42.664623,-71.753811,"B0868","8/14/2019","Multihab","LOWGRADIENTIBI","SNEP_2020_Bugs",328,32.6219512195122,22.5352112676056,2.8169014084507,36.6197183098592,2.8169014084507,7.04225352112676,66.5754106520657,70.4225352112676,100,91.5492957746479,100,58.6854460093897,487.232687647371,81.2054479412285,"No Narrative"
"2019069",42.4112,-72.5675,"B1029","8/15/2019","Multihab","LOWGRADIENTIBI","SNEP_2020_Bugs",327,31.8042813455657,13.7254901960784,9.80392156862745,25.4901960784314,15.6862745098039,1.96078431372549,64.9066966236036,42.8921568627451,86.1811391223156,63.7254901960784,61.5567439096851,16.3398692810458,335.602095995474,55.9336826659123,"No Narrative"
"2019070",42.187649,-70.768508,"B1036","8/19/2019","Multihab","LOWGRADIENTIBI","SNEP_2020_Bugs",338,18.6390532544379,30.9090909090909,29.0909090909091,23.6363636363636,14.5454545454545,1.81818181818182,38.0388841927303,96.5909090909091,40.2597402597403,59.0909090909091,65.0137741046832,15.1515151515152,314.145731890487,52.3576219817479,"No Narrative"
"2019072",42.05821,-70.89996,"B1010","8/19/2019","Multihab","LOWGRADIENTIBI","SNEP_2020_Bugs",338,6.50887573964497,20.4545454545455,22.7272727272727,22.7272727272727,15.9090909090909,0,13.2834198768265,63.9204545454545,55.4112554112554,56.8181818181818,60.8815426997245,0,250.314854351443,41.7191423919071,"No Narrative"
"2019073",42.04551,-70.97074,"B1012","8/19/2019","Multihab","LOWGRADIENTIBI","SNEP_2020_Bugs",314,9.87261146496815,24.4444444444444,13.3333333333333,22.2222222222222,11.1111111111111,2.22222222222222,20.1481866632003,76.3888888888889,77.7777777777778,55.5555555555556,75.4208754208754,18.5185185185185,323.809802824816,53.9683004708027,"No Narrative"
"2019074",42.03149,-70.96656,"B1013","8/19/2019","Multihab","LOWGRADIENTIBI","SNEP_2020_Bugs",312,11.8589743589744,24.5614035087719,26.3157894736842,19.2982456140351,12.280701754386,3.50877192982456,24.2019884877028,76.7543859649123,46.8671679197995,48.2456140350877,71.8766613503456,29.2397660818713,297.185583839719,49.5309306399532,"No Narrative"
"2019075",41.997462,-70.953869,"B0863","8/19/2019","Multihab","LOWGRADIENTIBI","SNEP_2020_Bugs",337,14.540059347181,25.4545454545455,21.8181818181818,27.2727272727273,14.5454545454545,0,29.673590504451,79.5454545454545,57.5757575757576,68.1818181818182,65.0137741046832,0,299.990394912165,49.9983991520274,"No Narrative"
"2019077",41.778004,-71.075934,"B1034","8/26/2019","Multihab","LOWGRADIENTIBI","SNEP_2020_Bugs",335,22.9850746268657,29.5454545454545,20.4545454545455,22.7272727272727,6.81818181818182,2.27272727272727,46.908315565032,92.3295454545455,60.8225108225108,56.8181818181818,88.4297520661157,18.9393939393939,364.24769966578,60.7079499442966,"No Narrative"
"2019079",42.05376,-71.00978,"B1011","9/9/2019","Multihab","LOWGRADIENTIBI","SNEP_2020_Bugs",315,3.80952380952381,22.2222222222222,33.3333333333333,16.6666666666667,16.6666666666667,2.77777777777778,7.77453838678329,69.4444444444444,30.1587301587302,41.6666666666667,58.5858585858586,23.1481481481481,230.778386390631,38.4630643984385,"No Narrative"
"2019081",41.8199,-71.02718,"B1008","9/16/2019","Multihab","LOWGRADIENTIBI","SNEP_2020_Bugs",345,0.289855072463768,8.33333333333333,50,8.33333333333333,41.6666666666667,0,0.591540964211772,26.0416666666667,0,20.8333333333333,0,0,47.4665409642118,7.91109016070196,"No Narrative"
"2019083",42.198623,-70.83275,"B1037","9/16/2019","Multihab","LOWGRADIENTIBI","SNEP_2020_Bugs",347,79.2507204610951,32.258064516129,12.9032258064516,41.9354838709677,9.67741935483871,3.2258064516129,100,100,78.8018433179723,100,79.7653958944282,26.8817204301075,485.448959642508,80.908159940418,"No Narrative"
"2019084",41.958515,-71.242463,"B1033","9/16/2019","Multihab","LOWGRADIENTIBI","SNEP_2020_Bugs",332,11.7469879518072,29.6296296296296,37.037037037037,11.1111111111111,29.6296296296296,0,23.9734447996066,92.5925925925926,21.3403880070547,27.7777777777778,19.304152637486,0,184.988355814518,30.8313926357529,"No Narrative"
