"SAMPLEID","LAT","LONG","STATIONID","COLLDATE","COLLMETH","INDEX_REGION","INDEX_NAME","ni_total","pi_OET","pt_ffg_pred","pt_NonIns","pt_POET","pt_tv_toler","pt_volt_semi"
"19-126-01",42.008243,-71.705661,"CP-BEST-P1","8/23/2019","Multihab","LOWGRADIENTIBI","SNEP_2020_Bugs",313,28.4345047923323,26.027397260274,8.21917808219178,34.2465753424658,4.10958904109589,10.958904109589
"19-126-02",42.021719,-71.684199,"CP-BEST-P11","8/23/2019","Multihab","LOWGRADIENTIBI","SNEP_2020_Bugs",323,10.5263157894737,21.0526315789474,13.1578947368421,36.8421052631579,5.26315789473684,10.5263157894737
"19-126-03",41.998161,-71.695075,"CP-BEST-P2","8/23/2019","Multihab","LOWGRADIENTIBI","SNEP_2020_Bugs",316,31.9620253164557,21.2121212121212,4.54545454545455,34.8484848484849,9.09090909090909,7.57575757575758
"19-126-04",41.574557,-71.720511,"CP-BEST-P15","8/24/2019","Multihab","LOWGRADIENTIBI","SNEP_2020_Bugs",325,26.1538461538462,21.5189873417722,20.253164556962,30.379746835443,7.59493670886076,7.59493670886076
"19-126-05",41.579676,-71.718629,"CP-BEST-P4","8/24/2019","Multihab","LOWGRADIENTIBI","SNEP_2020_Bugs",326,43.558282208589,23.0769230769231,11.5384615384615,42.3076923076923,3.84615384615385,10.2564102564103
"19-126-07",41.56443,-71.727231,"CP-BEST-P5","8/24/2019","Multihab","LOWGRADIENTIBI","SNEP_2020_Bugs",312,50,18.0327868852459,18.0327868852459,26.2295081967213,9.83606557377049,8.19672131147541
"19-126-08",41.872634,-71.408808,"LO-WORST-P1","8/24/2019","Multihab","LOWGRADIENTIBI","SNEP_2020_Bugs",300,27.6666666666667,32.6530612244898,30.6122448979592,22.4489795918367,10.2040816326531,4.08163265306122
"19-126-09",41.769629,-71.452045,"LO-WORST-P3","8/24/2019","Multihab","LOWGRADIENTIBI","SNEP_2020_Bugs",302,37.4172185430464,19.6428571428571,25,21.4285714285714,23.2142857142857,1.78571428571429
"19-126-10",41.797131,-71.479722,"LO-WORST-P8","8/24/2019","Multihab","LOWGRADIENTIBI","SNEP_2020_Bugs",321,38.6292834890966,17.2413793103448,36.2068965517241,25.8620689655172,13.7931034482759,1.72413793103448
"19-126-11",41.580375,-71.7214,"CP-BEST-P12","8/25/2019","Multihab","LOWGRADIENTIBI","SNEP_2020_Bugs",338,49.7041420118343,23.0769230769231,18.4615384615385,36.9230769230769,9.23076923076923,3.07692307692308
"19-126-12",41.594501,-71.720385,"CP-BEST-P13","8/25/2019","Multihab","LOWGRADIENTIBI","SNEP_2020_Bugs",327,41.8960244648318,23.6842105263158,10.5263157894737,40.7894736842105,2.63157894736842,6.57894736842105
"19-126-13",41.623888,-71.757908,"CP-BEST-P14","8/25/2019","Multihab","LOWGRADIENTIBI","SNEP_2020_Bugs",348,31.8965517241379,26.865671641791,8.95522388059701,41.7910447761194,2.98507462686567,10.4477611940299
"19-126-14",41.374694,-71.716451,"LO-BEST-P4","8/25/2019","Multihab","LOWGRADIENTIBI","SNEP_2020_Bugs",319,25.3918495297806,25.4901960784314,7.84313725490196,39.2156862745098,5.88235294117647,5.88235294117647
"19-126-15",41.485968,-71.56613,"LO-WORST-P4","8/25/2019","Multihab","LOWGRADIENTIBI","SNEP_2020_Bugs",330,34.5454545454545,23.2142857142857,16.0714285714286,30.3571428571429,10.7142857142857,5.35714285714286
"19-126-16",41.517008,-71.526215,"LO-WORST-R2","8/25/2019","Multihab","LOWGRADIENTIBI","SNEP_2020_Bugs",319,38.2445141065831,19.3548387096774,19.3548387096774,30.6451612903226,12.9032258064516,1.61290322580645
"19-126-17",41.611783,-71.623135,"CP-BEST-P6","8/26/2019","Multihab","LOWGRADIENTIBI","SNEP_2020_Bugs",312,18.5897435897436,29.6296296296296,14.8148148148148,38.8888888888889,7.40740740740741,3.7037037037037
"19-126-18",41.539436,-71.641848,"CP-BEST-P7","8/26/2019","Multihab","LOWGRADIENTIBI","SNEP_2020_Bugs",310,44.5161290322581,24.5901639344262,6.55737704918033,36.0655737704918,1.63934426229508,4.91803278688525
"19-126-19",41.512167,-71.641694,"CP-BEST-R2","8/26/2019","Multihab","LOWGRADIENTIBI","SNEP_2020_Bugs",318,41.8238993710692,20.8955223880597,5.97014925373134,41.7910447761194,2.98507462686567,11.9402985074627
"19-126-21",42.198319,-71.827439,"CP-WORST-R1","8/26/2019","Multihab","LOWGRADIENTIBI","SNEP_2020_Bugs",324,4.32098765432099,26,32,20,20,2
"19-126-22",42.085354,-71.629683,"CP-WORST-R2","8/26/2019","Multihab","LOWGRADIENTIBI","SNEP_2020_Bugs",308,61.3636363636364,17.741935483871,9.67741935483871,46.7741935483871,8.06451612903226,1.61290322580645
"19-126-24",41.847516,-71.612989,"CP-BEST-P10","8/27/2019","Multihab","LOWGRADIENTIBI","SNEP_2020_Bugs",309,42.0711974110032,22.6415094339623,28.3018867924528,26.4150943396226,13.2075471698113,3.77358490566038
"19-126-25",41.626145,-71.631238,"CP-BEST-R1","8/27/2019","Multihab","LOWGRADIENTIBI","SNEP_2020_Bugs",317,36.2776025236593,23.0769230769231,12.8205128205128,37.1794871794872,5.12820512820513,10.2564102564103
"19-126-26",42.09307,-71.53349,"CP-WORST-P6","8/27/2019","Multihab","LOWGRADIENTIBI","SNEP_2020_Bugs",320,25,20.8955223880597,20.8955223880597,22.3880597014925,11.9402985074627,2.98507462686567
"19-126-27",41.995556,-71.159336,"LO-BEST-P13","8/27/2019","Multihab","LOWGRADIENTIBI","SNEP_2020_Bugs",337,11.5727002967359,28.5714285714286,22.8571428571429,28.5714285714286,11.4285714285714,0
"19-126-28",41.966095,-71.175303,"LO-BEST-P14","8/27/2019","Multihab","LOWGRADIENTIBI","SNEP_2020_Bugs",334,7.78443113772455,25,18.1818181818182,34.0909090909091,18.1818181818182,2.27272727272727
"19-126-29",42.018509,-71.125946,"LO-BEST-P15","8/27/2019","Multihab","LOWGRADIENTIBI","SNEP_2020_Bugs",325,27.3846153846154,23.0769230769231,13.8461538461538,32.3076923076923,12.3076923076923,6.15384615384615
"19-126-30",42.093805,-71.011509,"CP-WORST-P1","8/28/2019","Multihab","LOWGRADIENTIBI","SNEP_2020_Bugs",323,6.5015479876161,28.5714285714286,26.1904761904762,19.047619047619,23.8095238095238,0
"19-126-31",41.716955,-71.088929,"LO-BEST-P2","8/28/2019","Multihab","LOWGRADIENTIBI","SNEP_2020_Bugs",303,36.6336633663366,20.5128205128205,7.69230769230769,33.3333333333333,5.12820512820513,2.56410256410256
"19-126-32",41.960041,-71.235573,"LO-BEST-P6","8/28/2019","Multihab","LOWGRADIENTIBI","SNEP_2020_Bugs",302,9.93377483443709,27.2727272727273,11.3636363636364,18.1818181818182,13.6363636363636,2.27272727272727
"19-126-33",41.682489,-71.017475,"LO-BEST-P9","8/28/2019","Multihab","LOWGRADIENTIBI","SNEP_2020_Bugs",305,21.9672131147541,26.530612244898,12.2448979591837,24.4897959183673,8.16326530612245,4.08163265306122
"19-126-34",41.669657,-71.026565,"LO-BEST-R2","8/28/2019","Multihab","LOWGRADIENTIBI","SNEP_2020_Bugs",339,19.4690265486726,16.6666666666667,4.76190476190476,38.0952380952381,2.38095238095238,4.76190476190476
"19-126-35",41.965284,-70.898969,"LO-WORST-P6","8/28/2019","Multihab","LOWGRADIENTIBI","SNEP_2020_Bugs",325,0.923076923076923,20.8333333333333,33.3333333333333,8.33333333333333,20.8333333333333,0
"19-126-37",41.587701,-70.525492,"CAPE-P4","8/29/2019","Multihab","LOWGRADIENTIBI","SNEP_2020_Bugs",343,20.6997084548105,18.8679245283019,18.8679245283019,28.3018867924528,13.2075471698113,1.88679245283019
"19-126-38",41.767765,-70.635687,"CAPE-P6","8/29/2019","Multihab","LOWGRADIENTIBI","SNEP_2020_Bugs",317,5.36277602523659,17.1428571428571,28.5714285714286,20,14.2857142857143,2.85714285714286
"19-126-39",41.774553,-71.085425,"LO-BEST-P1","8/29/2019","Multihab","LOWGRADIENTIBI","SNEP_2020_Bugs",309,41.4239482200647,28.2608695652174,6.52173913043478,41.304347826087,4.34782608695652,6.52173913043478
"19-126-40",41.772798,-70.985684,"LO-BEST-P10","8/29/2019","Multihab","LOWGRADIENTIBI","SNEP_2020_Bugs",309,24.5954692556634,37.5,14.5833333333333,25,6.25,4.16666666666667
"19-126-41",41.842433,-70.864275,"LO-BEST-P12","8/29/2019","Multihab","LOWGRADIENTIBI","SNEP_2020_Bugs",324,15.4320987654321,17.5,27.5,25,15,7.5
"19-126-43",41.629541,-70.483533,"CAPE-P1","8/30/2019","Multihab","LOWGRADIENTIBI","SNEP_2020_Bugs",331,24.4712990936556,20.4545454545455,13.6363636363636,43.1818181818182,6.81818181818182,6.81818181818182
"19-126-44",41.592323,-70.507393,"CAPE-P3","8/30/2019","Multihab","LOWGRADIENTIBI","SNEP_2020_Bugs",316,18.9873417721519,26.530612244898,30.6122448979592,28.5714285714286,18.3673469387755,2.04081632653061
"19-126-45",41.62863,-70.451455,"CAPE-P5","8/30/2019","Multihab","LOWGRADIENTIBI","SNEP_2020_Bugs",329,24.3161094224924,23.2558139534884,27.906976744186,32.5581395348837,13.953488372093,2.32558139534884
"19-126-46",41.872506,-71.315224,"LO-Best-R11","8/30/2019","Multihab","LOWGRADIENTIBI","SNEP_2020_Bugs",319,59.5611285266458,22.4489795918367,26.530612244898,20.4081632653061,8.16326530612245,0
"19-126-47",41.839475,-71.410536,"LO-Worst-R1","8/30/2019","Multihab","LOWGRADIENTIBI","SNEP_2020_Bugs",344,22.093023255814,13.3333333333333,44.4444444444444,17.7777777777778,15.5555555555556,0
"19-126-48",42.241556,-71.803181,"CP-WORST-P2","8/31/2019","Multihab","LOWGRADIENTIBI","SNEP_2020_Bugs",314,18.7898089171975,6.25,27.0833333333333,20.8333333333333,25,0
"19-126-49",42.215523,-71.838955,"CP-WORST-R3","8/31/2019","Multihab","LOWGRADIENTIBI","SNEP_2020_Bugs",357,22.1288515406162,14.2857142857143,22.8571428571429,31.4285714285714,17.1428571428571,11.4285714285714
"19-126-50",42.100901,-70.977109,"NEW-BROC3","8/31/2019","Multihab","LOWGRADIENTIBI","SNEP_2020_Bugs",331,13.595166163142,18.1818181818182,45.4545454545455,6.06060606060606,18.1818181818182,0
"19-126-51",42.02263,-70.915833,"NEW-BROC5","8/31/2019","Multihab","LOWGRADIENTIBI","SNEP_2020_Bugs",299,18.7290969899666,18.1818181818182,20,20,14.5454545454545,1.81818181818182
"19-126-52",42.062829,-70.909008,"NEW-BROC6","8/31/2019","Multihab","LOWGRADIENTIBI","SNEP_2020_Bugs",306,32.6797385620915,29.2682926829268,21.9512195121951,24.390243902439,14.6341463414634,2.4390243902439
"19-126-53",42.171516,-71.799972,"NEW-WORC2","8/31/2019","Multihab","LOWGRADIENTIBI","SNEP_2020_Bugs",313,37.3801916932907,15.2173913043478,21.7391304347826,34.7826086956522,8.69565217391304,10.8695652173913
"19-126-54",42.192194,-71.843437,"NEW-WORC4","8/31/2019","Multihab","LOWGRADIENTIBI","SNEP_2020_Bugs",340,5.29411764705882,21.9512195121951,29.2682926829268,12.1951219512195,26.8292682926829,2.4390243902439
"19-126-55",42.023354,-71.273407,"LO-BEST-R7","9/1/2019","Multihab","LOWGRADIENTIBI","SNEP_2020_Bugs",319,34.4827586206897,25.3333333333333,22.6666666666667,26.6666666666667,12,0
"19-126-56",42.083322,-71.032694,"NEW-BROC1","9/1/2019","Multihab","LOWGRADIENTIBI","SNEP_2020_Bugs",352,13.0681818181818,30.7692307692308,36.5384615384615,17.3076923076923,28.8461538461538,1.92307692307692
"19-126-57",42.069592,-71.010552,"NEW-BROC2","9/1/2019","Multihab","LOWGRADIENTIBI","SNEP_2020_Bugs",322,16.1490683229814,24.390243902439,29.2682926829268,21.9512195121951,14.6341463414634,2.4390243902439
"19-126-58",42.181874,-71.627189,"CP-BEST-R4","9/2/2019","Multihab","LOWGRADIENTIBI","SNEP_2020_Bugs",313,40.2555910543131,26.4150943396226,20.7547169811321,28.3018867924528,5.66037735849057,3.77358490566038
"19-126-59",41.833416,-71.276921,"LO-BEST-R9","9/2/2019","Multihab","LOWGRADIENTIBI","SNEP_2020_Bugs",334,28.7425149700599,23.728813559322,16.9491525423729,28.8135593220339,10.1694915254237,3.38983050847458
"2013001",41.702893,-70.104775,"B0851","7/1/2013","Multihab","LOWGRADIENTIBI","SNEP_2020_Bugs",312,36.8589743589744,15.625,18.75,40.625,18.75,3.125
"2013002",41.643578,-70.453369,"B0850","7/1/2013","Multihab","LOWGRADIENTIBI","SNEP_2020_Bugs",280,23.2142857142857,15.1515151515152,48.4848484848485,9.09090909090909,27.2727272727273,0
"2013003",41.727899,-70.798142,"B0832","7/2/2013","Multihab","LOWGRADIENTIBI","SNEP_2020_Bugs",323,4.64396284829721,15.9090909090909,38.6363636363636,13.6363636363636,15.9090909090909,0
"2013004",41.727408,-70.856356,"B0855","7/2/2013","Multihab","LOWGRADIENTIBI","SNEP_2020_Bugs",317,13.8801261829653,17.6470588235294,23.5294117647059,26.4705882352941,11.7647058823529,0
"2013005",41.679671,-70.840825,"B0847","7/3/2013","Multihab","LOWGRADIENTIBI","SNEP_2020_Bugs",289,14.5328719723183,29.1666666666667,16.6666666666667,27.0833333333333,10.4166666666667,4.16666666666667
"2013006",41.633384,-70.986022,"B0862","7/3/2013","Multihab","LOWGRADIENTIBI","SNEP_2020_Bugs",296,25,5.26315789473684,31.5789473684211,10.5263157894737,21.0526315789474,0
"2013008",41.63266,-71.060383,"B0827","7/8/2013","Multihab","LOWGRADIENTIBI","SNEP_2020_Bugs",276,9.78260869565217,16.6666666666667,11.1111111111111,22.2222222222222,5.55555555555556,7.40740740740741
"2013009",41.562812,-71.133855,"B0869","7/8/2013","Multihab","LOWGRADIENTIBI","SNEP_2020_Bugs",275,18.1818181818182,19.2307692307692,19.2307692307692,30.7692307692308,13.4615384615385,3.84615384615385
"2013010",41.755702,-70.983125,"B0840","7/9/2013","Multihab","LOWGRADIENTIBI","SNEP_2020_Bugs",317,29.6529968454259,33.3333333333333,36.3636363636364,21.2121212121212,21.2121212121212,3.03030303030303
"2013012",41.744702,-71.248262,"B0834","7/9/2013","Multihab","LOWGRADIENTIBI","SNEP_2020_Bugs",305,22.9508196721311,10.5263157894737,23.6842105263158,18.4210526315789,21.0526315789474,2.63157894736842
"2013013",41.777309,-71.192532,"B0846","7/10/2013","Multihab","LOWGRADIENTIBI","SNEP_2020_Bugs",360,48.8888888888889,23.6842105263158,28.9473684210526,31.5789473684211,15.7894736842105,0
"2013014",41.800693,-71.304341,"B0842","7/10/2013","Multihab","LOWGRADIENTIBI","SNEP_2020_Bugs",313,11.5015974440895,18.1818181818182,45.4545454545455,9.09090909090909,31.8181818181818,0
"2013015",41.830588,-71.329937,"B0866","7/10/2013","Multihab","LOWGRADIENTIBI","SNEP_2020_Bugs",275,9.45454545454546,18.9189189189189,21.6216216216216,16.2162162162162,13.5135135135135,2.7027027027027
"2013017",41.846114,-71.262551,"B0838","7/11/2013","Multihab","LOWGRADIENTIBI","SNEP_2020_Bugs",283,16.9611307420495,14.2857142857143,19.047619047619,19.047619047619,14.2857142857143,2.38095238095238
"2013018",41.907438,-70.979916,"B0837","7/11/2013","Multihab","LOWGRADIENTIBI","SNEP_2020_Bugs",279,6.45161290322581,25,27.2727272727273,15.9090909090909,20.4545454545455,6.81818181818182
"2013019.A",42.086583,-70.756947,"B0857","7/16/2013","Multihab","LOWGRADIENTIBI","SNEP_2020_Bugs",301,42.8571428571429,17.7777777777778,17.7777777777778,28.8888888888889,8.88888888888889,4.44444444444444
"2013019.B",42.086583,-70.756947,"B0857","7/16/2013","Multihab","LOWGRADIENTIBI","SNEP_2020_Bugs",313,40.8945686900958,17.0212765957447,17.0212765957447,34.0425531914894,8.51063829787234,2.12765957446809
"2013019.C",42.086583,-70.756947,"B0857","7/16/2013","Multihab","LOWGRADIENTIBI","SNEP_2020_Bugs",310,38.0645161290323,18.1818181818182,20,30.9090909090909,9.09090909090909,5.45454545454545
"2013020",42.042388,-70.898462,"B0841","7/16/2013","Multihab","LOWGRADIENTIBI","SNEP_2020_Bugs",296,57.0945945945946,9.30232558139535,20.9302325581395,30.2325581395349,16.2790697674419,2.32558139534884
"2013021",42.068117,-70.914242,"B0845","7/17/2013","Multihab","LOWGRADIENTIBI","SNEP_2020_Bugs",279,2.5089605734767,15.3846153846154,20.5128205128205,10.2564102564103,12.8205128205128,0
"2013022",42.018472,-70.922526,"B0833","7/17/2013","Multihab","LOWGRADIENTIBI","SNEP_2020_Bugs",277,33.9350180505415,22.5,20,27.5,17.5,2.5
"2013023.A",41.997462,-70.953869,"B0863","7/17/2013","Multihab","LOWGRADIENTIBI","SNEP_2020_Bugs",306,15.0326797385621,20,20,26.6666666666667,15.5555555555556,2.22222222222222
"2013023.B",41.997462,-70.953869,"B0863","7/17/2013","Multihab","LOWGRADIENTIBI","SNEP_2020_Bugs",309,11.0032362459547,17.7777777777778,22.2222222222222,22.2222222222222,22.2222222222222,2.22222222222222
"2013023.C",41.997462,-70.953869,"B0863","7/17/2013","Multihab","LOWGRADIENTIBI","SNEP_2020_Bugs",308,9.74025974025974,19.047619047619,30.952380952381,16.6666666666667,26.1904761904762,0
"2013024",41.881423,-70.909427,"B0854","7/18/2013","Multihab","LOWGRADIENTIBI","SNEP_2020_Bugs",298,2.3489932885906,13.5135135135135,48.6486486486486,8.10810810810811,35.1351351351351,0
"2013026",41.909381,-71.098124,"B0848","7/18/2013","Multihab","LOWGRADIENTIBI","SNEP_2020_Bugs",274,21.5328467153285,17.0212765957447,27.6595744680851,19.1489361702128,19.1489361702128,0
"2013027.A",41.932518,-71.077577,"B0858","7/22/2013","Multihab","LOWGRADIENTIBI","SNEP_2020_Bugs",278,15.4676258992806,23.5294117647059,20.5882352941176,14.7058823529412,11.7647058823529,5.88235294117647
"2013027.B",41.932518,-71.077577,"B0858","7/22/2013","Multihab","LOWGRADIENTIBI","SNEP_2020_Bugs",264,14.0151515151515,23.3333333333333,23.3333333333333,16.6666666666667,13.3333333333333,6.66666666666667
"2013027.C",41.932518,-71.077577,"B0858","7/22/2013","Multihab","LOWGRADIENTIBI","SNEP_2020_Bugs",285,11.5789473684211,22.5,25,12.5,17.5,5
"2013028",41.988368,-71.035453,"B0839","7/22/2013","Multihab","LOWGRADIENTIBI","SNEP_2020_Bugs",292,0,25,75,0,62.5,0
"2013029",42.015585,-71.052662,"B0843","7/22/2013","Multihab","LOWGRADIENTIBI","SNEP_2020_Bugs",293,37.542662116041,18.9189189189189,24.3243243243243,29.7297297297297,16.2162162162162,2.7027027027027
"2013030",42.075428,-71.009638,"B0864","7/23/2013","Multihab","LOWGRADIENTIBI","SNEP_2020_Bugs",270,5.92592592592593,8.51063829787234,27.6595744680851,8.51063829787234,27.6595744680851,0
"2013031",42.082574,-71.030076,"B0836","7/23/2013","Multihab","LOWGRADIENTIBI","SNEP_2020_Bugs",275,6.18181818181818,16.2162162162162,29.7297297297297,10.8108108108108,18.9189189189189,0
"2013032",42.061126,-71.216586,"B0835","7/23/2013","Multihab","LOWGRADIENTIBI","SNEP_2020_Bugs",269,25.2788104089219,15.2173913043478,32.6086956521739,21.7391304347826,19.5652173913043,0
"2013033",42.005027,-71.213447,"B0860","7/23/2013","Multihab","LOWGRADIENTIBI","SNEP_2020_Bugs",309,40.1294498381877,18.1818181818182,18.1818181818182,34.0909090909091,11.3636363636364,4.54545454545455
"2013034",41.989495,-71.173717,"B0852","7/24/2013","Multihab","LOWGRADIENTIBI","SNEP_2020_Bugs",273,18.3150183150183,14.7058823529412,20.5882352941176,20.5882352941176,20.5882352941176,0
"2013035",41.949458,-71.175526,"B0865","7/24/2013","Multihab","LOWGRADIENTIBI","SNEP_2020_Bugs",276,15.9420289855072,6.52173913043478,23.9130434782609,26.0869565217391,10.8695652173913,0
"2013036",42.199476,-70.862069,"B0861","7/25/2013","Multihab","LOWGRADIENTIBI","SNEP_2020_Bugs",299,9.69899665551839,18.4210526315789,21.0526315789474,23.6842105263158,21.0526315789474,0
"2013037.A",42.242442,-70.859057,"B0132","7/25/2013","Multihab","LOWGRADIENTIBI","SNEP_2020_Bugs",321,20.2492211838006,12.5,15,22.5,7.5,5
"2013037.B",42.242442,-70.859057,"B0132","7/25/2013","Multihab","LOWGRADIENTIBI","SNEP_2020_Bugs",346,19.9421965317919,10.5263157894737,21.0526315789474,21.0526315789474,13.1578947368421,7.89473684210526
"2013037.C",42.242442,-70.859057,"B0132","7/25/2013","Multihab","LOWGRADIENTIBI","SNEP_2020_Bugs",335,20.8955223880597,13.0434782608696,21.7391304347826,21.7391304347826,13.0434782608696,6.52173913043478
"2013038",42.24343,-71.094378,"B0844","7/25/2013","Multihab","LOWGRADIENTIBI","SNEP_2020_Bugs",286,9.09090909090909,14.2857142857143,20,14.2857142857143,22.8571428571429,0
"2013039",42.495119,-71.136137,"B0849","7/29/2013","Multihab","LOWGRADIENTIBI","SNEP_2020_Bugs",323,0.928792569659443,15,40,10,30,0
"2013042",42.664623,-71.753811,"B0868","7/30/2013","Multihab","LOWGRADIENTIBI","SNEP_2020_Bugs",308,36.3636363636364,18.3333333333333,5,36.6666666666667,8.33333333333333,10
"2013048",41.952551,-71.224761,"B0831","8/1/2013","Multihab","LOWGRADIENTIBI","SNEP_2020_Bugs",325,37.5384615384615,18,16,38,8,8
"2014006.A",42.664623,-71.753811,"B0868","7/7/2014","Multihab","LOWGRADIENTIBI","SNEP_2020_Bugs",308,23.0519480519481,26.6666666666667,5,45,1.66666666666667,15
"2014006.B",42.664623,-71.753811,"B0868","7/7/2014","Multihab","LOWGRADIENTIBI","SNEP_2020_Bugs",324,23.7654320987654,21.6666666666667,3.33333333333333,36.6666666666667,1.66666666666667,11.6666666666667
"2014006.C",42.664623,-71.753811,"B0868","7/7/2014","Multihab","LOWGRADIENTIBI","SNEP_2020_Bugs",296,26.3513513513514,18,4,42,0,10
"2014010",42.47217,-72.256802,"B0902","7/10/2014","Multihab","LOWGRADIENTIBI","SNEP_2020_Bugs",292,21.9178082191781,26.6666666666667,5,36.6666666666667,5,3.33333333333333
"2014013",41.562812,-71.133855,"B0869","7/14/2014","Multihab","LOWGRADIENTIBI","SNEP_2020_Bugs",301,20.9302325581395,22.972972972973,12.1621621621622,32.4324324324324,10.8108108108108,8.10810810810811
"2014014.A",41.63266,-71.060383,"B0827","7/14/2014","Multihab","LOWGRADIENTIBI","SNEP_2020_Bugs",295,8.47457627118644,25,13.4615384615385,25,9.61538461538461,9.61538461538461
"2014014.B",41.63266,-71.060383,"B0827","7/14/2014","Multihab","LOWGRADIENTIBI","SNEP_2020_Bugs",337,13.6498516320475,22,16,30,12,10
"2014014.C",41.63266,-71.060383,"B0827","7/14/2014","Multihab","LOWGRADIENTIBI","SNEP_2020_Bugs",378,19.3121693121693,27.6595744680851,10.6382978723404,31.9148936170213,8.51063829787234,8.51063829787234
"2014015",41.772548,-71.084948,"B0468","7/14/2014","Multihab","LOWGRADIENTIBI","SNEP_2020_Bugs",290,18.2758620689655,30.3030303030303,6.06060606060606,27.2727272727273,6.06060606060606,9.09090909090909
"2014019",42.079834,-72.565564,"B0873","7/16/2014","Multihab","LOWGRADIENTIBI","SNEP_2020_Bugs",335,12.5373134328358,16.6666666666667,16.6666666666667,8.33333333333333,22.2222222222222,0
"2014020",42.037302,-72.699906,"B0872","7/16/2014","Multihab","LOWGRADIENTIBI","SNEP_2020_Bugs",298,23.1543624161074,16.6666666666667,11.6666666666667,23.3333333333333,11.6666666666667,1.66666666666667
"2014023",42.263606,-72.706051,"B0874","7/21/2014","Multihab","LOWGRADIENTIBI","SNEP_2020_Bugs",314,14.3312101910828,17.910447761194,8.95522388059701,26.865671641791,8.95522388059701,4.47761194029851
"2014024",42.250209,-72.658927,"B0879","7/21/2014","Multihab","LOWGRADIENTIBI","SNEP_2020_Bugs",296,25,20.3389830508475,5.08474576271186,28.8135593220339,8.47457627118644,3.38983050847458
"2014025",42.262151,-72.1066,"B0897","7/22/2014","Multihab","LOWGRADIENTIBI","SNEP_2020_Bugs",314,41.0828025477707,26.4150943396226,9.43396226415094,22.6415094339623,13.2075471698113,0
"2014026",42.360918,-72.230114,"B0903","7/22/2014","Multihab","LOWGRADIENTIBI","SNEP_2020_Bugs",321,24.6105919003115,20.9677419354839,3.2258064516129,25.8064516129032,1.61290322580645,6.45161290322581
"2014030",42.223378,-72.179651,"B0893","7/23/2014","Multihab","LOWGRADIENTIBI","SNEP_2020_Bugs",317,57.7287066246057,17.8571428571429,17.8571428571429,42.8571428571429,14.2857142857143,0
"2014031",42.250403,-72.426539,"B0892","7/24/2014","Multihab","LOWGRADIENTIBI","SNEP_2020_Bugs",292,6.50684931506849,18.3673469387755,6.12244897959184,14.2857142857143,8.16326530612245,8.16326530612245
"2014035",42.05933,-72.271605,"B0896","7/28/2014","Multihab","LOWGRADIENTIBI","SNEP_2020_Bugs",299,20.066889632107,20.7317073170732,3.65853658536585,28.0487804878049,7.31707317073171,4.8780487804878
"2014037",42.043514,-72.456478,"B0876","7/28/2014","Multihab","LOWGRADIENTIBI","SNEP_2020_Bugs",316,38.2911392405063,15.4929577464789,7.04225352112676,32.3943661971831,9.85915492957746,0
"2014039",42.476536,-72.518604,"B0885","7/29/2014","Multihab","LOWGRADIENTIBI","SNEP_2020_Bugs",299,16.0535117056856,20,13.8461538461538,33.8461538461538,7.69230769230769,4.61538461538461
"2014040.A",42.444317,-72.489876,"B0884","7/29/2014","Multihab","LOWGRADIENTIBI","SNEP_2020_Bugs",311,13.8263665594855,25.8064516129032,9.67741935483871,30.6451612903226,6.45161290322581,4.83870967741935
"2014040.B",42.444317,-72.489876,"B0884","7/29/2014","Multihab","LOWGRADIENTIBI","SNEP_2020_Bugs",304,11.1842105263158,22.4489795918367,12.2448979591837,30.6122448979592,10.2040816326531,8.16326530612245
"2014040.C",42.444317,-72.489876,"B0884","7/29/2014","Multihab","LOWGRADIENTIBI","SNEP_2020_Bugs",305,11.1475409836066,20.7547169811321,15.0943396226415,26.4150943396226,9.43396226415094,3.77358490566038
"2014041",42.552868,-72.519503,"B0887","7/30/2014","Multihab","LOWGRADIENTIBI","SNEP_2020_Bugs",404,44.8019801980198,18.9189189189189,5.40540540540541,37.8378378378378,5.40540540540541,8.10810810810811
"2014043",42.555068,-72.558257,"B0871","7/30/2014","Multihab","LOWGRADIENTIBI","SNEP_2020_Bugs",319,14.7335423197492,15.2173913043478,17.3913043478261,30.4347826086957,15.2173913043478,2.17391304347826
"2014046",42.040793,-72.484896,"B0875","8/4/2014","Multihab","LOWGRADIENTIBI","SNEP_2020_Bugs",307,19.8697068403909,18.75,6.25,25,6.25,4.16666666666667
"2014047",42.270034,-72.594205,"B0877","8/4/2014","Multihab","LOWGRADIENTIBI","SNEP_2020_Bugs",318,14.1509433962264,23.4375,21.875,20.3125,17.1875,1.5625
"2014048.A",42.279627,-72.58673,"B0878","8/4/2014","Multihab","LOWGRADIENTIBI","SNEP_2020_Bugs",284,15.1408450704225,28.5714285714286,11.1111111111111,20.6349206349206,9.52380952380952,3.17460317460317
"2014048.B",42.279627,-72.58673,"B0878","8/4/2014","Multihab","LOWGRADIENTIBI","SNEP_2020_Bugs",311,15.112540192926,24.1935483870968,4.83870967741935,30.6451612903226,8.06451612903226,1.61290322580645
"2014048.C",42.279627,-72.58673,"B0878","8/4/2014","Multihab","LOWGRADIENTIBI","SNEP_2020_Bugs",275,12,28.5714285714286,11.1111111111111,22.2222222222222,9.52380952380952,4.76190476190476
"2014049",42.456557,-72.636993,"B0883","8/5/2014","Multihab","LOWGRADIENTIBI","SNEP_2020_Bugs",302,46.6887417218543,10.9090909090909,5.45454545454545,25.4545454545455,10.9090909090909,1.81818181818182
"2015001",42.826111,-70.984012,"B0931","7/7/2015","Multihab","LOWGRADIENTIBI","SNEP_2020_Bugs",307,1.95439739413681,6.66666666666667,26.6666666666667,10,26.6666666666667,0
"2015002",42.697117,-71.143995,"B0922","7/7/2015","Multihab","LOWGRADIENTIBI","SNEP_2020_Bugs",314,11.4649681528662,5.12820512820513,28.2051282051282,15.3846153846154,23.0769230769231,2.56410256410256
"2015003",42.733424,-70.904624,"B0940","7/8/2015","Multihab","LOWGRADIENTIBI","SNEP_2020_Bugs",323,7.12074303405573,17.7777777777778,24.4444444444444,20,22.2222222222222,0
"2015005.A",42.495806,-71.038741,"B0918","7/9/2015","Multihab","LOWGRADIENTIBI","SNEP_2020_Bugs",315,6.66666666666667,8.33333333333333,25,29.1666666666667,20.8333333333333,0
"2015005.B",42.495806,-71.038741,"B0918","7/9/2015","Multihab","LOWGRADIENTIBI","SNEP_2020_Bugs",317,4.10094637223975,11.5384615384615,38.4615384615385,15.3846153846154,26.9230769230769,0
"2015005.C",42.495806,-71.038741,"B0918","7/9/2015","Multihab","LOWGRADIENTIBI","SNEP_2020_Bugs",358,3.91061452513966,6.25,25,25,18.75,0
"2015009",42.319324,-71.395583,"B0935","7/13/2015","Multihab","LOWGRADIENTIBI","SNEP_2020_Bugs",323,11.7647058823529,23.6842105263158,28.9473684210526,7.89473684210526,28.9473684210526,2.63157894736842
"2015011",42.700651,-71.487647,"B0942","7/14/2015","Multihab","LOWGRADIENTIBI","SNEP_2020_Bugs",299,17.3913043478261,26.3157894736842,31.5789473684211,23.6842105263158,26.3157894736842,0
"2015012",42.664623,-71.753811,"B0868","7/14/2015","Multihab","LOWGRADIENTIBI","SNEP_2020_Bugs",314,34.0764331210191,21.3114754098361,4.91803278688525,37.7049180327869,8.19672131147541,8.19672131147541
"2015016",42.121769,-71.36544,"B0929","7/16/2015","Multihab","LOWGRADIENTIBI","SNEP_2020_Bugs",345,34.7826086956522,30.7692307692308,38.4615384615385,23.0769230769231,38.4615384615385,0
"2015017",42.187016,-71.375822,"B0936","7/16/2015","Multihab","LOWGRADIENTIBI","SNEP_2020_Bugs",301,13.6212624584718,23.8095238095238,9.52380952380952,21.4285714285714,14.2857142857143,0
"2015018",42.104981,-71.458405,"B0908","7/16/2015","Multihab","LOWGRADIENTIBI","SNEP_2020_Bugs",328,4.8780487804878,27.2727272727273,18.1818181818182,31.8181818181818,13.6363636363636,0
"2015019",42.224779,-71.477671,"B0907","7/16/2015","Multihab","LOWGRADIENTIBI","SNEP_2020_Bugs",310,13.5483870967742,13.1147540983607,21.3114754098361,16.3934426229508,16.3934426229508,0
"2015023.A",42.476831,-71.565421,"B0923","7/21/2015","Multihab","LOWGRADIENTIBI","SNEP_2020_Bugs",298,15.1006711409396,18.4615384615385,4.61538461538461,27.6923076923077,9.23076923076923,4.61538461538461
"2015023.B",42.476831,-71.565421,"B0923","7/21/2015","Multihab","LOWGRADIENTIBI","SNEP_2020_Bugs",310,14.5161290322581,26.4705882352941,8.82352941176471,23.5294117647059,10.2941176470588,2.94117647058824
"2015023.C",42.476831,-71.565421,"B0923","7/21/2015","Multihab","LOWGRADIENTIBI","SNEP_2020_Bugs",312,17.3076923076923,22.8070175438597,7.01754385964912,24.5614035087719,14.0350877192982,3.50877192982456
"2015024",42.526778,-71.413421,"B0926","7/21/2015","Multihab","LOWGRADIENTIBI","SNEP_2020_Bugs",340,34.7058823529412,7.89473684210526,23.6842105263158,21.0526315789474,18.4210526315789,2.63157894736842
"2015025",42.62973,-71.506158,"B0928","7/21/2015","Multihab","LOWGRADIENTIBI","SNEP_2020_Bugs",351,12.8205128205128,26.9230769230769,25,21.1538461538462,23.0769230769231,0
"2015026",42.597591,-71.447571,"B0933","7/21/2015","Multihab","LOWGRADIENTIBI","SNEP_2020_Bugs",321,26.791277258567,33.3333333333333,30.5555555555556,30.5555555555556,16.6666666666667,2.77777777777778
"2015028",42.865929,-70.961591,"B0911","7/22/2015","Multihab","LOWGRADIENTIBI","SNEP_2020_Bugs",310,11.9354838709677,18.75,21.875,28.125,28.125,3.125
"2015029",42.735035,-70.94273,"B0916","7/22/2015","Multihab","LOWGRADIENTIBI","SNEP_2020_Bugs",320,7.5,12.5,21.875,21.875,15.625,0
"2015030",42.633923,-70.974737,"B0920","7/22/2015","Multihab","LOWGRADIENTIBI","SNEP_2020_Bugs",338,7.69230769230769,19.5652173913043,19.5652173913043,21.7391304347826,15.2173913043478,4.34782608695652
"2015031",42.579028,-70.991536,"B0914","7/23/2015","Multihab","LOWGRADIENTIBI","SNEP_2020_Bugs",340,2.35294117647059,28.5714285714286,57.1428571428571,28.5714285714286,35.7142857142857,0
"2015032.A",42.501785,-71.240716,"B0921","7/23/2015","Multihab","LOWGRADIENTIBI","SNEP_2020_Bugs",331,3.92749244712991,14.2857142857143,39.2857142857143,7.14285714285714,39.2857142857143,0
"2015032.B",42.501785,-71.240716,"B0921","7/23/2015","Multihab","LOWGRADIENTIBI","SNEP_2020_Bugs",313,2.55591054313099,14.2857142857143,40,11.4285714285714,37.1428571428571,2.85714285714286
"2015032.C",42.501785,-71.240716,"B0921","7/23/2015","Multihab","LOWGRADIENTIBI","SNEP_2020_Bugs",339,4.12979351032448,15.7894736842105,34.2105263157895,7.89473684210526,36.8421052631579,0
"2015033",42.571829,-71.096255,"B0925","7/23/2015","Multihab","LOWGRADIENTIBI","SNEP_2020_Bugs",338,17.4556213017751,6.06060606060606,24.2424242424242,18.1818181818182,30.3030303030303,0
"2015034",42.616929,-70.996412,"B0905","7/23/2015","Multihab","LOWGRADIENTIBI","SNEP_2020_Bugs",331,7.25075528700906,16.6666666666667,16.6666666666667,38.8888888888889,22.2222222222222,0
"2015035",42.594356,-71.34067,"B0906","7/27/2015","Multihab","LOWGRADIENTIBI","SNEP_2020_Bugs",298,7.38255033557047,20.5128205128205,25.6410256410256,17.9487179487179,23.0769230769231,0
"2015037",42.671844,-71.344448,"B0909","7/27/2015","Multihab","LOWGRADIENTIBI","SNEP_2020_Bugs",342,5.26315789473684,5,25,30,30,0
"2015038",42.668178,-71.326335,"B0932","7/27/2015","Multihab","LOWGRADIENTIBI","SNEP_2020_Bugs",327,8.25688073394495,12.1212121212121,21.2121212121212,24.2424242424242,30.3030303030303,0
"2015042",42.427641,-71.485449,"B0910","7/29/2015","Multihab","LOWGRADIENTIBI","SNEP_2020_Bugs",307,26.0586319218241,22,22,26,22,2
"2015043",42.347696,-71.51794,"B0919","7/29/2015","Multihab","LOWGRADIENTIBI","SNEP_2020_Bugs",363,0,23.8095238095238,47.6190476190476,0,33.3333333333333,0
"2015044",42.253214,-71.56727,"B0912","7/29/2015","Multihab","LOWGRADIENTIBI","SNEP_2020_Bugs",328,18.2926829268293,32.5581395348837,37.2093023255814,18.6046511627907,25.5813953488372,0
"2015045",42.291074,-71.688531,"B0927","7/29/2015","Multihab","LOWGRADIENTIBI","SNEP_2020_Bugs",317,5.36277602523659,27.4509803921569,21.5686274509804,15.6862745098039,19.6078431372549,5.88235294117647
"2015050",41.562812,-71.133855,"B0869","8/3/2015","Multihab","LOWGRADIENTIBI","SNEP_2020_Bugs",336,22.9166666666667,22.9508196721311,16.3934426229508,27.8688524590164,9.83606557377049,3.27868852459016
"2015051",41.63266,-71.060383,"B0827","8/3/2015","Multihab","LOWGRADIENTIBI","SNEP_2020_Bugs",377,26.790450928382,13.3333333333333,10,38.3333333333333,6.66666666666667,6.66666666666667
"2015054",42.00792,-71.70506,"B0829","8/4/2015","Multihab","LOWGRADIENTIBI","SNEP_2020_Bugs",287,22.2996515679443,18.75,1.5625,35.9375,4.6875,14.0625
"2015058",42.287132,-71.651289,"B0930","8/5/2015","Multihab","LOWGRADIENTIBI","SNEP_2020_Bugs",311,4.82315112540193,23.6842105263158,23.6842105263158,21.0526315789474,13.1578947368421,5.26315789473684
"2015060",42.494062,-71.255983,"B0934","8/5/2015","Multihab","LOWGRADIENTIBI","SNEP_2020_Bugs",341,2.34604105571848,20.5882352941176,32.3529411764706,14.7058823529412,29.4117647058824,2.94117647058824
"2016009",42.664623,-71.753811,"B0868","7/26/2016","Multihab","LOWGRADIENTIBI","SNEP_2020_Bugs",318,32.3899371069182,22.0779220779221,3.8961038961039,37.6623376623377,5.19480519480519,6.49350649350649
"2016010",42.700651,-71.487647,"B0942","7/26/2016","Multihab","LOWGRADIENTIBI","SNEP_2020_Bugs",349,9.16905444126074,32,40,16,36,0
"2016011",42.733424,-70.904624,"B0940","7/28/2016","Multihab","LOWGRADIENTIBI","SNEP_2020_Bugs",313,17.8913738019169,37.2093023255814,34.8837209302326,27.906976744186,30.2325581395349,0
"2016014",41.63266,-71.060383,"B0827","8/3/2016","Multihab","LOWGRADIENTIBI","SNEP_2020_Bugs",294,5.4421768707483,14.5454545454545,10.9090909090909,23.6363636363636,10.9090909090909,7.27272727272727
"2016015",42.00792,-71.70506,"B0829","8/3/2016","Multihab","LOWGRADIENTIBI","SNEP_2020_Bugs",311,32.7974276527331,18.0327868852459,8.19672131147541,32.7868852459016,4.91803278688525,8.19672131147541
"2016026",42.444418,-71.551697,"B0945","9/7/2016","Multihab","LOWGRADIENTIBI","SNEP_2020_Bugs",316,24.0506329113924,39.2156862745098,15.6862745098039,37.2549019607843,9.80392156862745,9.80392156862745
"2016033",41.772548,-71.084948,"B0468","9/21/2016","Multihab","LOWGRADIENTIBI","SNEP_2020_Bugs",310,49.0322580645161,27.5,2.5,55,2.5,5
"2017021",42.279627,-72.58673,"B0878","7/27/2017","Multihab","LOWGRADIENTIBI","SNEP_2020_Bugs",289,31.1418685121107,20,10,31.6666666666667,10,3.33333333333333
"2019002",42.447149,-72.492036,"B1038","7/2/2019","Multihab","LOWGRADIENTIBI","SNEP_2020_Bugs",334,15.5688622754491,16.6666666666667,11.6666666666667,30,8.33333333333333,1.66666666666667
"2019004",41.90744,-70.91495,"B1006","7/3/2019","Multihab","LOWGRADIENTIBI","SNEP_2020_Bugs",321,41.7445482866044,17.5,20,37.5,15,5
"2019008",42.3863,-72.5504,"B1039","7/9/2019","Multihab","LOWGRADIENTIBI","SNEP_2020_Bugs",301,17.9401993355482,15.2542372881356,8.47457627118644,15.2542372881356,15.2542372881356,1.69491525423729
"2019011",41.94909,-70.96837,"B1020","7/11/2019","Multihab","LOWGRADIENTIBI","SNEP_2020_Bugs",338,15.9763313609467,11.3207547169811,20.7547169811321,24.5283018867925,15.0943396226415,1.88679245283019
"2019012",41.92175,-70.92352,"B1007","7/11/2019","Multihab","LOWGRADIENTIBI","SNEP_2020_Bugs",341,49.266862170088,17.0212765957447,25.531914893617,34.0425531914894,17.0212765957447,0
"2019015",41.83551,-71.13595,"B1021","7/16/2019","Multihab","LOWGRADIENTIBI","SNEP_2020_Bugs",342,44.7368421052632,16.3265306122449,10.2040816326531,36.734693877551,6.12244897959184,8.16326530612245
"2019016",41.9471,-71.17695,"B0603","7/16/2019","Multihab","LOWGRADIENTIBI","SNEP_2020_Bugs",335,46.2686567164179,22.8070175438597,14.0350877192982,35.0877192982456,8.7719298245614,8.7719298245614
"2019017.A",41.98168,-71.16139,"B1019","7/16/2019","Multihab","LOWGRADIENTIBI","SNEP_2020_Bugs",326,40.1840490797546,16.2162162162162,8.10810810810811,40.5405405405405,2.7027027027027,16.2162162162162
"2019017.B",41.98168,-71.16139,"B1019","7/16/2019","Multihab","LOWGRADIENTIBI","SNEP_2020_Bugs",302,38.4105960264901,15.3846153846154,15.3846153846154,38.4615384615385,5.12820512820513,12.8205128205128
"2019017.C",41.98168,-71.16139,"B1019","7/16/2019","Multihab","LOWGRADIENTIBI","SNEP_2020_Bugs",317,35.9621451104101,24.390243902439,14.6341463414634,36.5853658536585,7.31707317073171,9.75609756097561
"2019021",42.061126,-71.216586,"B0835","7/18/2019","Multihab","LOWGRADIENTIBI","SNEP_2020_Bugs",316,19.620253164557,15.5555555555556,20,22.2222222222222,11.1111111111111,4.44444444444444
"2019022",41.992344,-71.042578,"B1015","7/18/2019","Multihab","LOWGRADIENTIBI","SNEP_2020_Bugs",354,0,25,100,0,50,0
"2019023.A",42.005027,-71.213447,"B0860","7/18/2019","Multihab","LOWGRADIENTIBI","SNEP_2020_Bugs",317,34.0694006309148,9.80392156862745,25.4901960784314,31.3725490196078,15.6862745098039,3.92156862745098
"2019023.B",42.005027,-71.213447,"B0860","7/18/2019","Multihab","LOWGRADIENTIBI","SNEP_2020_Bugs",326,34.6625766871166,13.4615384615385,23.0769230769231,34.6153846153846,13.4615384615385,3.84615384615385
"2019023.C",42.005027,-71.213447,"B0860","7/18/2019","Multihab","LOWGRADIENTIBI","SNEP_2020_Bugs",320,31.5625,20,25.4545454545455,38.1818181818182,12.7272727272727,3.63636363636364
"2019027",42.695393,-72.227184,"B0821","7/23/2019","Multihab","LOWGRADIENTIBI","SNEP_2020_Bugs",295,18.3050847457627,30.7692307692308,6.41025641025641,26.9230769230769,2.56410256410256,2.56410256410256
"2019029",42.201548,-72.044871,"B1030","7/24/2019","Multihab","LOWGRADIENTIBI","SNEP_2020_Bugs",329,12.4620060790274,26.6666666666667,26.6666666666667,17.7777777777778,8.88888888888889,0
"2019031",42.187595,-71.62677,"B1032","7/24/2019","Multihab","LOWGRADIENTIBI","SNEP_2020_Bugs",322,35.0931677018634,32.6086956521739,19.5652173913043,39.1304347826087,4.34782608695652,2.17391304347826
"2019040",42.3671,-72.6042,"B1023","8/1/2019","Multihab","LOWGRADIENTIBI","SNEP_2020_Bugs",334,20.3592814371257,18.1818181818182,31.8181818181818,25.7575757575758,16.6666666666667,0
"2019042.A",42.2824,-72.5871,"B1027","8/1/2019","Multihab","LOWGRADIENTIBI","SNEP_2020_Bugs",341,22.2873900293255,21.0526315789474,5.26315789473684,28.9473684210526,6.57894736842105,3.94736842105263
"2019042.B",42.2824,-72.5871,"B1027","8/1/2019","Multihab","LOWGRADIENTIBI","SNEP_2020_Bugs",315,18.0952380952381,22.3880597014925,5.97014925373134,29.8507462686567,7.46268656716418,5.97014925373134
"2019042.C",42.2824,-72.5871,"B1027","8/1/2019","Multihab","LOWGRADIENTIBI","SNEP_2020_Bugs",339,22.1238938053097,21.9178082191781,6.84931506849315,27.3972602739726,8.21917808219178,2.73972602739726
"2019043",42.042388,-70.898462,"B0841","8/2/2019","Multihab","LOWGRADIENTIBI","SNEP_2020_Bugs",322,16.1490683229814,29.6296296296296,27.7777777777778,31.4814814814815,7.40740740740741,1.85185185185185
"2019045",42.07937,-71.01406,"B0609","8/2/2019","Multihab","LOWGRADIENTIBI","SNEP_2020_Bugs",346,8.95953757225434,17.3913043478261,28.2608695652174,17.3913043478261,28.2608695652174,2.17391304347826
"2019049",42.0367,-72.5828,"B1025","8/5/2019","Multihab","LOWGRADIENTIBI","SNEP_2020_Bugs",301,18.2724252491694,12.5,12.5,12.5,16.6666666666667,2.08333333333333
"2019054",41.97795,-71.13415,"B1018","8/6/2019","Multihab","LOWGRADIENTIBI","SNEP_2020_Bugs",361,18.5595567867036,36.1702127659574,34.0425531914894,29.7872340425532,19.1489361702128,2.12765957446809
"2019055",41.93332,-71.15427,"B0350","8/6/2019","Multihab","LOWGRADIENTIBI","SNEP_2020_Bugs",318,57.8616352201258,9.09090909090909,9.09090909090909,38.6363636363636,6.81818181818182,9.09090909090909
"2019056",41.94673,-71.20084,"B1022","8/6/2019","Multihab","LOWGRADIENTIBI","SNEP_2020_Bugs",318,44.0251572327044,14.2857142857143,25.7142857142857,37.1428571428571,5.71428571428571,5.71428571428571
"2019057",42.2836,-72.6404,"B1024","8/7/2019","Multihab","LOWGRADIENTIBI","SNEP_2020_Bugs",343,33.5276967930029,15.7894736842105,7.89473684210526,15.7894736842105,18.4210526315789,0
"2019058",42.2775,-72.6544,"B1028","8/7/2019","Multihab","LOWGRADIENTIBI","SNEP_2020_Bugs",319,6.89655172413793,22.2222222222222,40.7407407407407,18.5185185185185,37.037037037037,0
"2019059",42.01888,-71.12579,"B1016","8/7/2019","Multihab","LOWGRADIENTIBI","SNEP_2020_Bugs",338,30.4733727810651,15.2542372881356,11.864406779661,32.2033898305085,11.864406779661,1.69491525423729
"2019060",41.99503,-70.9707,"B1017","8/7/2019","Multihab","LOWGRADIENTIBI","SNEP_2020_Bugs",323,21.0526315789474,20,24,28,10,4
"2019062",42.00792,-71.70506,"B0829","8/12/2019","Multihab","LOWGRADIENTIBI","SNEP_2020_Bugs",325,18.7692307692308,22.6415094339623,1.88679245283019,33.9622641509434,3.77358490566038,11.3207547169811
"2019063",42.04536,-71.651598,"B1031","8/12/2019","Multihab","LOWGRADIENTIBI","SNEP_2020_Bugs",336,33.0357142857143,18.8679245283019,11.3207547169811,37.7358490566038,5.66037735849057,11.3207547169811
"2019066",42.617604,-71.726241,"B1035","8/14/2019","Multihab","LOWGRADIENTIBI","SNEP_2020_Bugs",322,27.9503105590062,21.1538461538462,5.76923076923077,30.7692307692308,5.76923076923077,7.69230769230769
"2019067",42.664623,-71.753811,"B0868","8/14/2019","Multihab","LOWGRADIENTIBI","SNEP_2020_Bugs",328,32.6219512195122,22.5352112676056,2.8169014084507,36.6197183098592,2.8169014084507,7.04225352112676
"2019069",42.4112,-72.5675,"B1029","8/15/2019","Multihab","LOWGRADIENTIBI","SNEP_2020_Bugs",327,31.8042813455657,13.7254901960784,9.80392156862745,25.4901960784314,15.6862745098039,1.96078431372549
"2019070",42.187649,-70.768508,"B1036","8/19/2019","Multihab","LOWGRADIENTIBI","SNEP_2020_Bugs",338,18.6390532544379,30.9090909090909,29.0909090909091,23.6363636363636,14.5454545454545,1.81818181818182
"2019072",42.05821,-70.89996,"B1010","8/19/2019","Multihab","LOWGRADIENTIBI","SNEP_2020_Bugs",338,6.50887573964497,20.4545454545455,22.7272727272727,22.7272727272727,15.9090909090909,0
"2019073",42.04551,-70.97074,"B1012","8/19/2019","Multihab","LOWGRADIENTIBI","SNEP_2020_Bugs",314,9.87261146496815,24.4444444444444,13.3333333333333,22.2222222222222,11.1111111111111,2.22222222222222
"2019074",42.03149,-70.96656,"B1013","8/19/2019","Multihab","LOWGRADIENTIBI","SNEP_2020_Bugs",312,11.8589743589744,24.5614035087719,26.3157894736842,19.2982456140351,12.280701754386,3.50877192982456
"2019075",41.997462,-70.953869,"B0863","8/19/2019","Multihab","LOWGRADIENTIBI","SNEP_2020_Bugs",337,14.540059347181,25.4545454545455,21.8181818181818,27.2727272727273,14.5454545454545,0
"2019077",41.778004,-71.075934,"B1034","8/26/2019","Multihab","LOWGRADIENTIBI","SNEP_2020_Bugs",335,22.9850746268657,29.5454545454545,20.4545454545455,22.7272727272727,6.81818181818182,2.27272727272727
"2019079",42.05376,-71.00978,"B1011","9/9/2019","Multihab","LOWGRADIENTIBI","SNEP_2020_Bugs",315,3.80952380952381,22.2222222222222,33.3333333333333,16.6666666666667,16.6666666666667,2.77777777777778
"2019081",41.8199,-71.02718,"B1008","9/16/2019","Multihab","LOWGRADIENTIBI","SNEP_2020_Bugs",345,0.289855072463768,8.33333333333333,50,8.33333333333333,41.6666666666667,0
"2019083",42.198623,-70.83275,"B1037","9/16/2019","Multihab","LOWGRADIENTIBI","SNEP_2020_Bugs",347,79.2507204610951,32.258064516129,12.9032258064516,41.9354838709677,9.67741935483871,3.2258064516129
"2019084",41.958515,-71.242463,"B1033","9/16/2019","Multihab","LOWGRADIENTIBI","SNEP_2020_Bugs",332,11.7469879518072,29.6296296296296,37.037037037037,11.1111111111111,29.6296296296296,0
